n_decisions,cost
1,136
2,133
3,131
4,128
5,126
6,123
7,122
8,122
9,121
10,118
11,118
12,115
13,114
14,114
15,113
16,111
17,109
18,107
19,104
20,102
21,101
22,101
23,99
24,98
25,98
26,97
27,97
28,97
29,97
30,96
31,96
32,95
33,93
34,91
35,90
36,87
37,87
38,87
39,87
40,87
41,86
42,85
43,85
44,85
45,83
46,83
47,80
48,80
49,80
50,79
51,78
52,76
53,76
54,76
55,76
56,76
57,75
58,75
59,75
60,75
61,75
62,75
63,75
64,75
65,75
66,74
67,72
68,70
69,70
70,69
71,66
72,64
73,62
74,62
75,62
76,62
77,61
78,58
79,58
80,58
81,57
82,57
83,57
84,57
85,56
86,56
87,53
88,53
89,52
90,52
91,52
92,52
93,52
94,52
95,52
96,50
97,50
98,50
99,50
100,50
101,49
102,49
103,49
104,49
105,49
106,49
107,49
108,48
109,48
110,47
111,46
112,46
113,46
114,46
115,46
116,46
117,46
118,46
119,46
120,46
121,46
122,46
123,44
124,44
125,44
126,44
127,44
128,44
129,44
130,44
131,44
132,43
133,43
134,43
135,43
136,43
137,43
138,43
139,43
140,43
141,43
142,42
143,42
144,42
145,41
146,41
147,40
148,40
149,40
150,39
151,39
152,39
153,39
154,39
155,39
156,39
157,38
158,38
159,38
160,38
161,38
162,38
163,38
164,38
165,38
166,38
167,38
168,37
169,37
170,37
171,37
172,37
173,36
174,36
175,36
176,36
177,36
178,36
179,36
180,36
181,36
182,36
183,36
184,36
185,36
186,36
187,36
188,36
189,36
190,36
191,36
192,36
193,36
194,36
195,36
196,36
197,35
198,35
199,35
200,35
201,35
202,35
203,35
204,34
205,34
206,33
207,33
208,33
209,33
210,33
211,33
212,33
213,32
214,32
215,32
216,32
217,32
218,32
219,32
220,32
221,31
222,31
223,31
224,31
225,31
226,31
227,31
228,31
229,31
230,31
231,31
232,31
233,31
234,31
235,31
236,31
237,31
238,31
239,31
240,31
241,31
242,31
243,31
244,31
245,31
246,31
247,31
248,31
249,31
250,31
251,31
252,31
253,31
254,31
255,31
256,31
257,31
258,31
259,31
260,31
261,31
262,31
263,29
264,29
265,29
266,29
267,29
268,29
269,29
270,29
271,29
272,29
273,29
274,29
275,28
276,28
277,28
278,28
279,28
280,28
281,28
282,28
283,28
284,28
285,28
286,28
287,28
288,28
289,28
290,28
291,28
292,28
293,28
294,28
295,28
296,28
297,28
298,28
299,28
300,28
301,28
302,28
303,28
304,28
305,28
306,28
307,28
308,28
309,28
310,28
311,28
312,28
313,28
314,28
315,28
316,28
317,27
318,27
319,27
320,27
321,27
322,27
323,27
324,27
325,27
326,27
327,27
328,27
329,27
330,27
331,27
332,27
333,27
334,27
335,27
336,27
337,27
338,27
339,27
340,27
341,27
342,27
343,27
344,27
345,27
346,27
347,27
348,27
349,27
350,27
351,27
352,27
353,24
354,24
355,24
356,24
357,24
358,24
359,24
360,24
361,24
362,24
363,24
364,24
365,24
366,24
367,24
368,24
369,24
370,24
371,24
372,24
373,24
374,24
375,24
376,24
377,24
378,24
379,24
380,24
381,24
382,24
383,24
384,24
385,22
386,22
387,22
388,22
389,22
390,22
391,22
392,22
393,22
394,22
395,22
396,22
397,22
398,22
399,22
400,22
401,22
402,22
403,22
404,22
405,22
406,22
407,22
408,22
409,22
410,22
411,22
412,22
413,22
414,22
415,22
416,21
417,21
418,21
419,21
420,21
421,21
422,21
423,21
424,21
425,21
426,21
427,21
428,21
429,21
430,21
431,21
432,21
433,21
434,21
435,21
436,21
437,21
438,21
439,21
440,20
441,20
442,20
443,20
444,20
445,20
446,20
447,20
448,20
449,20
450,19
451,19
452,19
453,19
454,19
455,19
456,19
457,19
458,19
459,19
460,19
461,19
462,19
463,19
464,19
465,19
466,19
467,19
468,19
469,19
470,19
471,19
472,19
473,19
474,19
475,19
476,19
477,19
478,19
479,19
480,19
481,19
482,19
483,19
484,19
485,19
486,19
487,19
488,19
489,19
490,19
491,19
492,19
493,19
494,19
495,19
496,19
497,19
498,19
499,19
500,19
501,19
502,19
503,19
504,19
505,19
506,19
507,19
508,19
509,19
510,19
511,19
512,19
513,19
514,19
515,19
516,19
517,19
518,19
519,19
520,19
521,19
522,19
523,19
524,19
525,19
526,19
527,19
528,19
529,19
530,19
531,19
532,19
533,19
534,19
535,19
536,19
537,19
538,19
539,19
540,19
541,19
542,19
543,19
544,19
545,19
546,19
547,19
548,19
549,19
550,19
551,19
552,19
553,19
554,19
555,19
556,19
557,19
558,19
559,19
560,19
561,19
562,19
563,19
564,19
565,19
566,19
567,19
568,19
569,19
570,19
571,19
572,19
573,19
574,19
575,19
576,19
577,19
578,19
579,19
580,19
581,19
582,19
583,19
584,19
585,19
586,19
587,19
588,19
589,19
590,19
591,19
592,19
593,19
594,19
595,19
596,19
597,19
598,19
599,19
600,19
601,19
602,19
603,19
604,19
605,19
606,19
607,19
608,19
609,19
610,19
611,19
612,19
613,19
614,19
615,19
616,19
617,19
618,19
619,19
620,19
621,19
622,19
623,19
624,19
625,19
626,19
627,19
628,19
629,19
630,19
631,19
632,19
633,19
634,19
635,19
636,19
637,19
638,19
639,19
640,19
641,19
642,19
643,19
644,19
645,19
646,19
647,19
648,19
649,19
650,19
651,19
652,19
653,19
654,19
655,19
656,19
657,19
658,19
659,19
660,19
661,19
662,19
663,19
664,19
665,19
666,19
667,19
668,19
669,19
670,19
671,19
672,19
673,19
674,19
675,19
676,19
677,19
678,19
679,19
680,19
681,19
682,19
683,19
684,19
685,19
686,19
687,19
688,19
689,19
690,19
691,19
692,19
693,19
694,19
695,19
696,19
697,19
698,19
699,19
700,19
701,19
702,19
703,19
704,19
705,19
706,19
707,19
708,19
709,19
710,19
711,19
712,19
713,19
714,19
715,19
716,19
717,19
718,19
719,19
720,19
721,18
722,18
723,18
724,18
725,18
726,18
727,18
728,18
729,18
730,18
731,18
732,18
733,18
734,18
735,18
736,18
737,18
738,18
739,18
740,18
741,18
742,18
743,18
744,18
745,18
746,18
747,18
748,18
749,18
750,18
751,18
752,18
753,18
754,18
755,18
756,18
757,18
758,18
759,17
760,17
761,17
762,17
763,17
764,17
765,17
766,17
767,17
768,17
769,17
770,17
771,17
772,17
773,17
774,17
775,17
776,17
777,17
778,16
779,16
780,16
781,16
782,16
783,16
784,16
785,16
786,16
787,16
788,16
789,16
790,16
791,16
792,16
793,16
794,16
795,16
796,16
797,16
798,16
799,16
800,16
801,16
802,16
803,16
804,16
805,16
806,16
807,16
808,16
809,16
810,16
811,16
812,16
813,16
814,16
815,16
816,16
817,16
818,16
819,16
820,16
821,16
822,16
823,16
824,16
825,16
826,16
827,16
828,16
829,16
830,16
831,16
832,16
833,16
834,16
835,16
836,16
837,16
838,16
839,16
840,16
841,16
842,16
843,16
844,16
845,16
846,16
847,16
848,16
849,16
850,16
851,16
852,16
853,16
854,16
855,16
856,16
857,16
858,16
859,16
860,16
861,16
862,16
863,16
864,16
865,16
866,16
867,16
868,16
869,16
870,16
871,16
872,16
873,16
874,16
875,16
876,16
877,16
878,16
879,16
880,16
881,16
882,16
883,16
884,16
885,16
886,16
887,16
888,16
889,16
890,16
891,16
892,16
893,16
894,16
895,16
896,16
897,16
898,16
899,16
900,16
901,16
902,16
903,16
904,16
905,16
906,16
907,16
908,16
909,16
910,16
911,16
912,16
913,16
914,16
915,16
916,16
917,16
918,16
919,16
920,16
921,16
922,16
923,16
924,16
925,16
926,16
927,16
928,16
929,16
930,16
931,16
932,16
933,16
934,16
935,16
936,16
937,16
938,16
939,16
940,16
941,16
942,16
943,16
944,16
945,16
946,16
947,16
948,16
949,16
950,16
951,16
952,16
953,16
954,16
955,16
956,16
957,16
958,16
959,16
960,16
961,16
962,16
963,16
964,16
965,16
966,16
967,16
968,16
969,16
970,16
971,16
972,16
973,16
974,16
975,16
976,16
977,16
978,16
979,16
980,16
981,16
982,16
983,16
984,16
985,16
986,16
987,16
988,16
989,16
990,16
991,16
992,16
993,16
994,16
995,16
996,16
997,16
998,16
999,16
1000,16
1001,16
1002,16
1003,16
1004,16
1005,16
1006,16
1007,16
1008,16
1009,16
1010,16
1011,16
1012,16
1013,16
1014,16
1015,16
1016,16
1017,16
1018,16
1019,16
1020,16
1021,16
1022,16
1023,16
1024,16
1025,16
1026,16
1027,16
1028,16
1029,16
1030,16
1031,16
1032,16
1033,16
1034,16
1035,16
1036,16
1037,16
1038,16
1039,16
1040,16
1041,16
1042,16
1043,16
1044,16
1045,16
1046,16
1047,16
1048,16
1049,16
1050,16
1051,16
1052,16
1053,16
1054,16
1055,16
1056,16
1057,16
1058,16
1059,16
1060,16
1061,16
1062,16
1063,16
1064,16
1065,16
1066,16
1067,16
1068,16
1069,16
1070,16
1071,16
1072,16
1073,16
1074,15
1075,15
1076,15
1077,15
1078,15
1079,15
1080,15
1081,15
1082,15
1083,15
1084,15
1085,15
1086,15
1087,15
1088,15
1089,15
1090,15
1091,15
1092,15
1093,15
1094,15
1095,15
1096,15
1097,15
1098,15
1099,15
1100,15
1101,15
1102,15
1103,15
1104,15
1105,15
1106,15
1107,15
1108,15
1109,15
1110,15
1111,15
1112,15
1113,15
1114,15
1115,15
1116,15
1117,15
1118,15
1119,15
1120,15
1121,15
1122,15
1123,15
1124,15
1125,15
1126,15
1127,15
1128,15
1129,15
1130,15
1131,15
1132,15
1133,15
1134,15
1135,15
1136,15
1137,15
1138,15
1139,15
1140,15
1141,15
1142,15
1143,15
1144,15
1145,15
1146,15
1147,15
1148,15
1149,15
1150,15
1151,15
1152,15
1153,15
1154,15
1155,15
1156,15
1157,15
1158,15
1159,15
1160,15
1161,15
1162,15
1163,15
1164,15
1165,15
1166,15
1167,15
1168,15
1169,15
1170,15
1171,15
1172,15
1173,15
1174,15
1175,15
1176,15
1177,15
1178,15
1179,15
1180,15
1181,15
1182,15
1183,15
1184,15
1185,15
1186,15
1187,15
1188,15
1189,15
1190,15
1191,15
1192,15
1193,15
1194,15
1195,15
1196,15
1197,15
1198,15
1199,15
1200,15
1201,15
1202,15
1203,15
1204,15
1205,15
1206,15
1207,15
1208,15
1209,15
1210,15
1211,15
1212,15
1213,15
1214,15
1215,15
1216,15
1217,15
1218,15
1219,15
1220,15
1221,15
1222,15
1223,15
1224,15
1225,15
1226,15
1227,15
1228,15
1229,15
1230,15
1231,15
1232,15
1233,15
1234,15
1235,15
1236,15
1237,15
1238,15
1239,15
1240,15
1241,15
1242,15
1243,15
1244,15
1245,15
1246,15
1247,15
1248,14
1249,14
1250,14
1251,14
1252,14
1253,14
1254,14
1255,14
1256,14
1257,14
1258,14
1259,14
1260,14
1261,14
1262,14
1263,14
1264,14
1265,14
1266,14
1267,14
1268,14
1269,14
1270,14
1271,14
1272,14
1273,14
1274,14
1275,14
1276,14
1277,14
1278,14
1279,14
1280,14
1281,14
1282,14
1283,14
1284,14
1285,14
1286,14
1287,14
1288,14
1289,14
1290,14
1291,14
1292,14
1293,14
1294,14
1295,14
1296,14
1297,14
1298,14
1299,14
1300,14
1301,14
1302,14
1303,14
1304,14
1305,14
1306,14
1307,14
1308,14
1309,14
1310,14
1311,14
1312,14
1313,14
1314,14
1315,14
1316,14
1317,14
1318,14
1319,14
1320,14
1321,14
1322,14
1323,14
1324,14
1325,14
1326,14
1327,14
1328,14
1329,14
1330,14
1331,14
1332,14
1333,14
1334,14
1335,14
1336,14
1337,14
1338,14
1339,14
1340,14
1341,14
1342,14
1343,14
1344,14
1345,14
1346,14
1347,14
1348,14
1349,14
1350,14
1351,14
1352,14
1353,14
1354,14
1355,14
1356,14
1357,14
1358,14
1359,14
1360,14
1361,14
1362,14
1363,14
1364,14
1365,14
1366,14
1367,14
1368,14
1369,14
1370,14
1371,14
1372,14
1373,14
1374,14
1375,14
1376,14
1377,14
1378,14
1379,14
1380,14
1381,14
1382,14
1383,14
1384,14
1385,14
1386,14
1387,14
1388,14
1389,14
1390,14
1391,14
1392,14
1393,14
1394,14
1395,14
1396,14
1397,14
1398,14
1399,14
1400,14
1401,14
1402,14
1403,14
1404,14
1405,14
1406,14
1407,14
1408,14
1409,14
1410,14
1411,14
1412,14
1413,14
1414,14
1415,14
1416,14
1417,14
1418,14
1419,14
1420,14
1421,14
1422,14
1423,14
1424,14
1425,14
1426,14
1427,14
1428,14
1429,14
1430,14
1431,14
1432,14
1433,14
1434,14
1435,14
1436,14
1437,14
1438,14
1439,14
1440,14
1441,14
1442,14
1443,14
1444,14
1445,14
1446,14
1447,14
1448,14
1449,14
1450,14
1451,14
1452,14
1453,14
1454,14
1455,14
1456,14
1457,14
1458,14
1459,14
1460,14
1461,14
1462,14
1463,14
1464,14
1465,14
1466,14
1467,14
1468,14
1469,14
1470,14
1471,14
1472,14
1473,14
1474,14
1475,14
1476,14
1477,14
1478,14
1479,14
1480,14
1481,14
1482,14
1483,14
1484,14
1485,14
1486,14
1487,14
1488,14
1489,14
1490,14
1491,14
1492,14
1493,14
1494,14
1495,14
1496,14
1497,14
1498,14
1499,14
1500,14
1501,14
1502,14
1503,14
1504,14
1505,14
1506,14
1507,14
1508,14
1509,14
1510,14
1511,14
1512,14
1513,14
1514,14
1515,14
1516,14
1517,14
1518,14
1519,14
1520,14
1521,14
1522,14
1523,14
1524,14
1525,14
1526,14
1527,14
1528,14
1529,14
1530,14
1531,14
1532,14
1533,14
1534,14
1535,14
1536,14
1537,14
1538,12
1539,12
1540,12
1541,12
1542,12
1543,12
1544,12
1545,12
1546,12
1547,12
1548,12
1549,12
1550,12
1551,12
1552,12
1553,12
1554,12
1555,12
1556,12
1557,12
1558,12
1559,12
1560,12
1561,12
1562,12
1563,12
1564,12
1565,12
1566,12
1567,12
1568,12
1569,12
1570,12
1571,12
1572,12
1573,12
1574,12
1575,12
1576,12
1577,12
1578,12
1579,12
1580,12
1581,12
1582,12
1583,12
1584,12
1585,12
1586,12
1587,12
1588,12
1589,12
1590,12
1591,12
1592,12
1593,12
1594,12
1595,12
1596,12
1597,12
1598,12
1599,12
1600,12
1601,12
1602,12
1603,12
1604,12
1605,12
1606,12
1607,12
1608,12
1609,12
1610,12
1611,12
1612,12
1613,12
1614,12
1615,12
1616,12
1617,12
1618,12
1619,12
1620,12
1621,12
1622,12
1623,12
1624,12
1625,12
1626,12
1627,12
1628,12
1629,12
1630,12
1631,12
1632,12
1633,12
1634,12
1635,12
1636,12
1637,12
1638,12
1639,12
1640,12
1641,12
1642,12
1643,12
1644,12
1645,12
1646,12
1647,12
1648,12
1649,12
1650,12
1651,12
1652,12
1653,12
1654,12
1655,12
1656,12
1657,12
1658,12
1659,12
1660,11
1661,11
1662,11
1663,11
1664,11
1665,11
1666,11
1667,11
1668,11
1669,11
1670,11
1671,11
1672,11
1673,11
1674,11
1675,11
1676,11
1677,11
1678,11
1679,11
1680,11
1681,11
1682,11
1683,11
1684,11
1685,11
1686,11
1687,11
1688,11
1689,11
1690,11
1691,11
1692,11
1693,11
1694,11
1695,11
1696,11
1697,11
1698,11
1699,11
1700,11
1701,11
1702,11
1703,11
1704,11
1705,11
1706,11
1707,11
1708,11
1709,11
1710,11
1711,11
1712,11
1713,11
1714,11
1715,11
1716,11
1717,11
1718,11
1719,11
1720,11
1721,11
1722,11
1723,11
1724,11
1725,11
1726,11
1727,11
1728,11
1729,11
1730,11
1731,11
1732,11
1733,11
1734,11
1735,11
1736,11
1737,11
1738,11
1739,11
1740,11
1741,11
1742,11
1743,11
1744,11
1745,11
1746,11
1747,11
1748,11
1749,11
1750,11
1751,11
1752,11
1753,11
1754,11
1755,11
1756,11
1757,11
1758,11
1759,11
1760,11
1761,11
1762,11
1763,11
1764,11
1765,11
1766,11
1767,11
1768,11
1769,11
1770,11
1771,11
1772,11
1773,11
1774,11
1775,11
1776,11
1777,11
1778,11
1779,11
1780,11
1781,11
1782,11
1783,11
1784,11
1785,11
1786,11
1787,11
1788,11
1789,11
1790,11
1791,11
1792,11
1793,11
1794,11
1795,11
1796,11
1797,11
1798,11
1799,11
1800,11
1801,11
1802,11
1803,11
1804,11
1805,11
1806,11
1807,11
1808,11
1809,11
1810,11
1811,11
1812,11
1813,11
1814,11
1815,11
1816,11
1817,11
1818,11
1819,11
1820,11
1821,11
1822,11
1823,11
1824,11
1825,11
1826,11
1827,11
1828,11
1829,11
1830,11
1831,11
1832,11
1833,11
1834,11
1835,11
1836,11
1837,11
1838,11
1839,11
1840,11
1841,11
1842,11
1843,11
1844,11
1845,11
1846,11
1847,11
1848,11
1849,11
1850,11
1851,11
1852,11
1853,11
1854,11
1855,11
1856,11
1857,11
1858,11
1859,11
1860,11
1861,11
1862,11
1863,11
1864,11
1865,11
1866,11
1867,11
1868,11
1869,11
1870,11
1871,11
1872,11
1873,11
1874,11
1875,11
1876,11
1877,11
1878,11
1879,11
1880,11
1881,11
1882,11
1883,11
1884,11
1885,11
1886,11
1887,11
1888,11
1889,11
1890,11
1891,11
1892,11
1893,11
1894,11
1895,11
1896,11
1897,11
1898,11
1899,11
1900,11
1901,11
1902,11
1903,11
1904,11
1905,11
1906,11
1907,11
1908,11
1909,11
1910,11
1911,11
1912,11
1913,11
1914,11
1915,11
1916,11
1917,11
1918,11
1919,11
1920,11
1921,11
1922,11
1923,11
1924,11
1925,11
1926,11
1927,11
1928,11
1929,11
1930,11
1931,11
1932,11
1933,11
1934,11
1935,11
1936,11
1937,11
1938,11
1939,11
1940,11
1941,11
1942,11
1943,11
1944,11
1945,11
1946,11
1947,11
1948,11
1949,11
1950,11
1951,11
1952,11
1953,11
1954,11
1955,11
1956,11
1957,11
1958,11
1959,11
1960,11
1961,11
1962,11
1963,11
1964,11
1965,11
1966,11
1967,11
1968,11
1969,11
1970,11
1971,11
1972,11
1973,11
1974,11
1975,11
1976,11
1977,11
1978,11
1979,11
1980,11
1981,11
1982,11
1983,11
1984,11
1985,11
1986,11
1987,11
1988,11
1989,11
1990,11
1991,11
1992,11
1993,11
1994,11
1995,11
1996,11
1997,11
1998,11
1999,11
2000,11
2001,11
2002,11
2003,11
2004,11
2005,11
2006,11
2007,11
2008,11
2009,11
2010,11
2011,11
2012,11
2013,11
2014,11
2015,11
2016,11
2017,11
2018,11
2019,11
2020,11
2021,11
2022,11
2023,11
2024,11
2025,11
2026,11
2027,11
2028,11
2029,11
2030,11
2031,11
2032,11
2033,11
2034,11
2035,11
2036,11
2037,11
2038,11
2039,11
2040,11
2041,11
2042,11
2043,11
2044,11
2045,11
2046,11
2047,11
2048,11
2049,11
2050,11
2051,11
2052,11
2053,11
2054,11
2055,11
2056,11
2057,11
2058,11
2059,11
2060,11
2061,11
2062,11
2063,11
2064,11
2065,11
2066,11
2067,11
2068,11
2069,11
2070,11
2071,11
2072,11
2073,11
2074,11
2075,11
2076,11
2077,11
2078,11
2079,11
2080,11
2081,11
2082,11
2083,11
2084,11
2085,11
2086,11
2087,11
2088,11
2089,11
2090,11
2091,11
2092,11
2093,11
2094,11
2095,11
2096,11
2097,11
2098,11
2099,11
2100,11
2101,11
2102,11
2103,11
2104,11
2105,11
2106,11
2107,11
2108,11
2109,11
2110,11
2111,11
2112,11
2113,11
2114,11
2115,11
2116,11
2117,11
2118,11
2119,11
2120,11
2121,11
2122,11
2123,11
2124,11
2125,11
2126,11
2127,11
2128,11
2129,11
2130,11
2131,11
2132,11
2133,11
2134,11
2135,11
2136,11
2137,11
2138,11
2139,11
2140,11
2141,11
2142,11
2143,11
2144,11
2145,11
2146,11
2147,11
2148,11
2149,11
2150,11
2151,11
2152,11
2153,11
2154,11
2155,11
2156,11
2157,11
2158,11
2159,11
2160,11
2161,11
2162,11
2163,11
2164,11
2165,11
2166,11
2167,11
2168,11
2169,11
2170,11
2171,11
2172,11
2173,11
2174,11
2175,11
2176,11
2177,11
2178,11
2179,11
2180,11
2181,11
2182,11
2183,11
2184,11
2185,11
2186,11
2187,11
2188,11
2189,11
2190,11
2191,11
2192,11
2193,11
2194,11
2195,11
2196,11
2197,11
2198,11
2199,11
2200,11
2201,11
2202,11
2203,11
2204,11
2205,11
2206,11
2207,11
2208,11
2209,11
2210,11
2211,11
2212,11
2213,11
2214,11
2215,11
2216,11
2217,11
2218,11
2219,11
2220,11
2221,11
2222,11
2223,11
2224,11
2225,11
2226,11
2227,11
2228,11
2229,11
2230,11
2231,11
2232,11
2233,11
2234,11
2235,11
2236,11
2237,11
2238,11
2239,11
2240,11
2241,11
2242,11
2243,11
2244,11
2245,11
2246,11
2247,11
2248,11
2249,11
2250,11
2251,11
2252,11
2253,11
2254,11
2255,11
2256,11
2257,11
2258,11
2259,11
2260,11
2261,11
2262,11
2263,11
2264,11
2265,11
2266,11
2267,11
2268,11
2269,11
2270,11
2271,11
2272,11
2273,11
2274,11
2275,11
2276,11
2277,11
2278,11
2279,11
2280,11
2281,11
2282,11
2283,11
2284,11
2285,11
2286,11
2287,11
2288,11
2289,11
2290,11
2291,11
2292,11
2293,11
2294,11
2295,11
2296,11
2297,11
2298,11
2299,11
2300,11
2301,11
2302,11
2303,11
2304,11
2305,11
2306,11
2307,11
2308,11
2309,11
2310,11
2311,11
2312,11
2313,11
2314,11
2315,11
2316,11
2317,11
2318,11
2319,11
2320,11
2321,11
2322,11
2323,11
2324,11
2325,11
2326,11
2327,11
2328,11
2329,11
2330,11
2331,11
2332,11
2333,11
2334,11
2335,11
2336,11
2337,11
2338,11
2339,11
2340,11
2341,11
2342,11
2343,11
2344,11
2345,11
2346,11
2347,11
2348,11
2349,11
2350,11
2351,11
2352,11
2353,11
2354,11
2355,11
2356,11
2357,11
2358,11
2359,11
2360,11
2361,11
2362,11
2363,11
2364,11
2365,11
2366,11
2367,11
2368,11
2369,11
2370,11
2371,11
2372,11
2373,11
2374,11
2375,11
2376,11
2377,11
2378,11
2379,11
2380,11
2381,11
2382,11
2383,11
2384,11
2385,11
2386,11
2387,11
2388,11
2389,11
2390,11
2391,11
2392,11
2393,11
2394,11
2395,11
2396,11
2397,11
2398,11
2399,11
2400,11
2401,11
2402,11
2403,11
2404,11
2405,11
2406,11
2407,11
2408,11
2409,11
2410,11
2411,11
2412,11
2413,11
2414,11
2415,11
2416,11
2417,11
2418,11
2419,11
2420,11
2421,11
2422,11
2423,11
2424,11
2425,11
2426,11
2427,11
2428,11
2429,11
2430,11
2431,11
2432,11
2433,11
2434,11
2435,11
2436,11
2437,11
2438,11
2439,11
2440,11
2441,11
2442,11
2443,11
2444,11
2445,11
2446,11
2447,11
2448,11
2449,11
2450,11
2451,11
2452,11
2453,11
2454,11
2455,11
2456,11
2457,11
2458,11
2459,11
2460,11
2461,11
2462,11
2463,11
2464,11
2465,11
2466,11
2467,11
2468,11
2469,11
2470,11
2471,11
2472,11
2473,11
2474,11
2475,11
2476,11
2477,11
2478,11
2479,11
2480,11
2481,11
2482,11
2483,11
2484,11
2485,11
2486,11
2487,11
2488,11
2489,11
2490,11
2491,11
2492,11
2493,11
2494,11
2495,11
2496,11
2497,11
2498,11
2499,11
2500,11
2501,11
2502,11
2503,11
2504,11
2505,11
2506,11
2507,11
2508,11
2509,11
2510,11
2511,11
2512,11
2513,11
2514,11
2515,11
2516,11
2517,11
2518,11
2519,11
2520,11
2521,11
2522,11
2523,11
2524,11
2525,11
2526,11
2527,11
2528,11
2529,11
2530,11
2531,11
2532,11
2533,11
2534,11
2535,11
2536,11
2537,11
2538,11
2539,11
2540,11
2541,11
2542,11
2543,11
2544,11
2545,11
2546,11
2547,11
2548,11
2549,11
2550,11
2551,11
2552,11
2553,11
2554,11
2555,11
2556,11
2557,11
2558,11
2559,11
2560,11
2561,11
2562,11
2563,11
2564,11
2565,11
2566,11
2567,11
2568,11
2569,11
2570,11
2571,11
2572,11
2573,11
2574,11
2575,11
2576,11
2577,11
2578,11
2579,11
2580,11
2581,11
2582,11
2583,11
2584,11
2585,11
2586,11
2587,11
2588,11
2589,11
2590,11
2591,11
2592,11
2593,11
2594,11
2595,11
2596,11
2597,11
2598,11
2599,11
2600,11
2601,11
2602,11
2603,11
2604,11
2605,11
2606,11
2607,11
2608,11
2609,11
2610,11
2611,11
2612,11
2613,11
2614,11
2615,11
2616,11
2617,11
2618,11
2619,11
2620,11
2621,11
2622,11
2623,11
2624,11
2625,11
2626,11
2627,11
2628,11
2629,11
2630,11
2631,11
2632,11
2633,11
2634,11
2635,11
2636,11
2637,11
2638,11
2639,11
2640,11
2641,11
2642,11
2643,11
2644,11
2645,11
2646,11
2647,11
2648,11
2649,11
2650,11
2651,11
2652,11
2653,11
2654,11
2655,11
2656,11
2657,11
2658,11
2659,11
2660,11
2661,11
2662,11
2663,11
2664,11
2665,11
2666,11
2667,11
2668,11
2669,11
2670,11
2671,11
2672,11
2673,11
2674,11
2675,11
2676,11
2677,11
2678,11
2679,11
2680,11
2681,11
2682,11
2683,11
2684,11
2685,11
2686,11
2687,11
2688,10
2689,10
2690,10
2691,10
2692,10
2693,10
2694,10
2695,10
2696,10
2697,10
2698,10
2699,10
2700,10
2701,10
2702,10
2703,10
2704,10
2705,10
2706,10
2707,10
2708,10
2709,10
2710,10
2711,10
2712,10
2713,10
2714,10
2715,10
2716,10
2717,10
2718,10
2719,10
2720,10
2721,10
2722,10
2723,10
2724,10
2725,10
2726,10
2727,10
2728,10
2729,10
2730,10
2731,10
2732,10
2733,10
2734,10
2735,10
2736,10
2737,10
2738,10
2739,10
2740,10
2741,10
2742,10
2743,10
2744,10
2745,10
2746,10
2747,10
2748,10
2749,10
2750,10
2751,10
2752,10
2753,10
2754,10
2755,10
2756,10
2757,10
2758,10
2759,10
2760,10
2761,10
2762,10
2763,10
2764,10
2765,10
2766,10
2767,10
2768,10
2769,10
2770,10
2771,10
2772,10
2773,10
2774,10
2775,10
2776,10
2777,10
2778,10
2779,10
2780,10
2781,10
2782,10
2783,10
2784,10
2785,10
2786,10
2787,10
2788,10
2789,10
2790,10
2791,10
2792,10
2793,10
2794,10
2795,10
2796,10
2797,10
2798,10
2799,10
2800,10
2801,10
2802,10
2803,10
2804,10
2805,10
2806,10
2807,10
2808,10
2809,10
2810,10
2811,10
2812,10
2813,10
2814,10
2815,10
2816,10
2817,10
2818,10
2819,10
2820,10
2821,10
2822,10
2823,10
2824,10
2825,10
2826,10
2827,10
2828,10
2829,10
2830,10
2831,10
2832,10
2833,10
2834,10
2835,10
2836,10
2837,10
2838,10
2839,10
2840,10
2841,10
2842,10
2843,10
2844,10
2845,10
2846,10
2847,10
2848,10
2849,10
2850,10
2851,10
2852,10
2853,10
2854,10
2855,10
2856,10
2857,10
2858,10
2859,10
2860,10
2861,10
2862,10
2863,10
2864,10
2865,10
2866,10
2867,10
2868,10
2869,10
2870,10
2871,10
2872,10
2873,10
2874,10
2875,10
2876,10
2877,10
2878,10
2879,10
2880,10
2881,10
2882,10
2883,10
2884,10
2885,10
2886,10
2887,10
2888,10
2889,10
2890,10
2891,10
2892,10
2893,10
2894,10
2895,10
2896,10
2897,10
2898,10
2899,10
2900,10
2901,10
2902,10
2903,10
2904,10
2905,10
2906,10
2907,10
2908,10
2909,10
2910,10
2911,10
2912,10
2913,10
2914,10
2915,10
2916,10
2917,10
2918,10
2919,10
2920,10
2921,10
2922,10
2923,10
2924,10
2925,10
2926,10
2927,10
2928,10
2929,10
2930,10
2931,10
2932,10
2933,10
2934,10
2935,10
2936,10
2937,10
2938,10
2939,10
2940,10
2941,10
2942,10
2943,10
2944,10
2945,10
2946,10
2947,10
2948,10
2949,10
2950,10
2951,10
2952,10
2953,10
2954,10
2955,10
2956,10
2957,10
2958,10
2959,10
2960,10
2961,10
2962,10
2963,10
2964,10
2965,10
2966,10
2967,10
2968,10
2969,10
2970,10
2971,10
2972,10
2973,10
2974,10
2975,10
2976,10
2977,10
2978,10
2979,10
2980,10
2981,10
2982,10
2983,10
2984,10
2985,10
2986,10
2987,10
2988,10
2989,10
2990,10
2991,10
2992,10
2993,10
2994,10
2995,10
2996,10
2997,10
2998,10
2999,10
3000,10
3001,10
3002,10
3003,10
3004,10
3005,10
3006,10
3007,10
3008,10
3009,10
3010,10
3011,10
3012,10
3013,10
3014,10
3015,10
3016,10
3017,10
3018,10
3019,10
3020,10
3021,10
3022,10
3023,10
3024,10
3025,10
3026,10
3027,10
3028,10
3029,10
3030,10
3031,10
3032,10
3033,10
3034,10
3035,10
3036,10
3037,10
3038,10
3039,10
3040,10
3041,10
3042,10
3043,10
3044,10
3045,10
3046,10
3047,10
3048,10
3049,10
3050,10
3051,10
3052,10
3053,10
3054,10
3055,10
3056,10
3057,10
3058,10
3059,10
3060,10
3061,10
3062,10
3063,10
3064,10
3065,10
3066,10
3067,10
3068,10
3069,10
3070,10
3071,10
3072,10
3073,10
3074,10
3075,10
3076,10
3077,10
3078,10
3079,10
3080,10
3081,10
3082,10
3083,10
3084,10
3085,10
3086,10
3087,10
3088,10
3089,10
3090,10
3091,10
3092,10
3093,10
3094,10
3095,10
3096,10
3097,10
3098,10
3099,10
3100,10
3101,10
3102,10
3103,10
3104,10
3105,10
3106,10
3107,10
3108,10
3109,10
3110,10
3111,10
3112,10
3113,10
3114,10
3115,10
3116,10
3117,10
3118,10
3119,10
3120,10
3121,10
3122,10
3123,10
3124,10
3125,10
3126,10
3127,10
3128,10
3129,10
3130,10
3131,10
3132,10
3133,10
3134,10
3135,10
3136,10
3137,10
3138,10
3139,10
3140,10
3141,10
3142,10
3143,10
3144,10
3145,10
3146,10
3147,10
3148,10
3149,10
3150,10
3151,10
3152,10
3153,10
3154,10
3155,10
3156,10
3157,10
3158,10
3159,10
3160,10
3161,10
3162,10
3163,10
3164,10
3165,10
3166,10
3167,10
3168,10
3169,10
3170,10
3171,10
3172,10
3173,10
3174,10
3175,10
3176,10
3177,10
3178,10
3179,10
3180,10
3181,10
3182,10
3183,10
3184,10
3185,10
3186,10
3187,10
3188,10
3189,10
3190,10
3191,10
3192,10
3193,10
3194,10
3195,10
3196,10
3197,10
3198,10
3199,10
3200,10
3201,10
3202,10
3203,10
3204,10
3205,10
3206,10
3207,10
3208,10
3209,10
3210,10
3211,10
3212,10
3213,10
3214,10
3215,10
3216,10
3217,10
3218,10
3219,10
3220,10
3221,10
3222,10
3223,10
3224,10
3225,10
3226,10
3227,10
3228,10
3229,10
3230,10
3231,10
3232,10
3233,10
3234,10
3235,10
3236,10
3237,10
3238,10
3239,10
3240,10
3241,10
3242,10
3243,10
3244,10
3245,10
3246,10
3247,10
3248,10
3249,10
3250,10
3251,10
3252,10
3253,10
3254,10
3255,10
3256,10
3257,10
3258,10
3259,10
3260,10
3261,10
3262,10
3263,10
3264,10
3265,10
3266,10
3267,10
3268,10
3269,10
3270,10
3271,10
3272,10
3273,10
3274,10
3275,10
3276,10
3277,10
3278,10
3279,10
3280,10
3281,10
3282,10
3283,10
3284,10
3285,10
3286,10
3287,10
3288,10
3289,10
3290,10
3291,10
3292,10
3293,10
3294,10
3295,10
3296,10
3297,10
3298,10
3299,10
3300,10
3301,10
3302,10
3303,10
3304,10
3305,10
3306,10
3307,10
3308,10
3309,10
3310,10
3311,10
3312,10
3313,10
3314,10
3315,10
3316,10
3317,10
3318,10
3319,10
3320,10
3321,10
3322,10
3323,10
3324,10
3325,10
3326,10
3327,10
3328,10
3329,10
3330,10
3331,10
3332,10
3333,10
3334,10
3335,10
3336,10
3337,10
3338,10
3339,10
3340,10
3341,10
3342,10
3343,10
3344,10
3345,10
3346,10
3347,10
3348,10
3349,10
3350,10
3351,10
3352,10
3353,10
3354,10
3355,10
3356,10
3357,10
3358,10
3359,10
3360,10
3361,10
3362,10
3363,10
3364,10
3365,10
3366,10
3367,10
3368,10
3369,10
3370,10
3371,10
3372,10
3373,10
3374,10
3375,10
3376,10
3377,10
3378,10
3379,10
3380,10
3381,10
3382,10
3383,10
3384,10
3385,10
3386,10
3387,10
3388,10
3389,10
3390,10
3391,10
3392,10
3393,10
3394,10
3395,10
3396,10
3397,10
3398,10
3399,10
3400,10
3401,10
3402,10
3403,10
3404,10
3405,10
3406,10
3407,10
3408,10
3409,10
3410,10
3411,10
3412,10
3413,10
3414,10
3415,10
3416,10
3417,10
3418,10
3419,10
3420,10
3421,10
3422,10
3423,10
3424,10
3425,10
3426,10
3427,10
3428,10
3429,10
3430,10
3431,10
3432,10
3433,10
3434,10
3435,10
3436,10
3437,10
3438,10
3439,10
3440,10
3441,10
3442,10
3443,10
3444,10
3445,10
3446,10
3447,10
3448,10
3449,10
3450,10
3451,10
3452,10
3453,10
3454,10
3455,10
3456,10
3457,10
3458,10
3459,10
3460,10
3461,10
3462,10
3463,10
3464,10
3465,10
3466,10
3467,10
3468,10
3469,10
3470,10
3471,10
3472,10
3473,10
3474,10
3475,10
3476,10
3477,10
3478,10
3479,10
3480,10
3481,10
3482,10
3483,10
3484,10
3485,10
3486,10
3487,10
3488,10
3489,10
3490,10
3491,10
3492,10
3493,10
3494,10
3495,10
3496,10
3497,10
3498,10
3499,10
3500,10
3501,10
3502,10
3503,10
3504,10
3505,10
3506,10
3507,10
3508,10
3509,10
3510,10
3511,10
3512,10
3513,10
3514,10
3515,10
3516,10
3517,10
3518,10
3519,10
3520,10
3521,10
3522,10
3523,10
3524,10
3525,10
3526,10
3527,10
3528,10
3529,10
3530,10
3531,10
3532,10
3533,10
3534,10
3535,10
3536,10
3537,10
3538,10
3539,10
3540,10
3541,10
3542,10
3543,10
3544,10
3545,10
3546,10
3547,10
3548,10
3549,10
3550,10
3551,10
3552,10
3553,10
3554,10
3555,10
3556,10
3557,10
3558,10
3559,10
3560,10
3561,10
3562,10
3563,10
3564,10
3565,10
3566,10
3567,10
3568,10
3569,10
3570,10
3571,10
3572,10
3573,10
3574,10
3575,10
3576,10
3577,10
3578,10
3579,10
3580,10
3581,10
3582,10
3583,10
3584,10
3585,10
3586,10
3587,10
3588,10
3589,10
3590,10
3591,10
3592,10
3593,10
3594,10
3595,10
3596,10
3597,10
3598,10
3599,10
3600,10
3601,10
3602,10
3603,10
3604,10
3605,10
3606,10
3607,10
3608,10
3609,10
3610,10
3611,10
3612,10
3613,10
3614,10
3615,10
3616,10
3617,10
3618,10
3619,10
3620,10
3621,10
3622,10
3623,10
3624,10
3625,10
3626,10
3627,10
3628,10
3629,10
3630,10
3631,10
3632,10
3633,10
3634,10
3635,10
3636,10
3637,10
3638,10
3639,10
3640,10
3641,10
3642,10
3643,10
3644,10
3645,10
3646,10
3647,10
3648,10
3649,10
3650,10
3651,10
3652,10
3653,10
3654,10
3655,10
3656,10
3657,10
3658,10
3659,10
3660,10
3661,10
3662,10
3663,10
3664,10
3665,10
3666,10
3667,10
3668,10
3669,10
3670,10
3671,10
3672,10
3673,10
3674,10
3675,10
3676,10
3677,10
3678,10
3679,10
3680,10
3681,10
3682,10
3683,10
3684,10
3685,10
3686,10
3687,10
3688,10
3689,10
3690,10
3691,10
3692,10
3693,10
3694,10
3695,10
3696,10
3697,10
3698,10
3699,10
3700,10
3701,10
3702,10
3703,10
3704,10
3705,10
3706,10
3707,10
3708,10
3709,10
3710,10
3711,10
3712,10
3713,10
3714,10
3715,10
3716,10
3717,10
3718,10
3719,10
3720,10
3721,10
3722,10
3723,10
3724,10
3725,10
3726,10
3727,10
3728,10
3729,10
3730,10
3731,10
3732,10
3733,10
3734,10
3735,10
3736,10
3737,10
3738,10
3739,10
3740,10
3741,10
3742,10
3743,10
3744,10
3745,10
3746,10
3747,10
3748,10
3749,10
3750,10
3751,10
3752,10
3753,10
3754,10
3755,10
3756,10
3757,10
3758,10
3759,10
3760,10
3761,10
3762,10
3763,10
3764,10
3765,10
3766,10
3767,10
3768,10
3769,10
3770,10
3771,10
3772,10
3773,10
3774,10
3775,10
3776,10
3777,10
3778,10
3779,10
3780,10
3781,10
3782,10
3783,10
3784,10
3785,10
3786,10
3787,10
3788,10
3789,10
3790,10
3791,10
3792,10
3793,10
3794,10
3795,10
3796,10
3797,10
3798,10
3799,10
3800,10
3801,10
3802,10
3803,10
3804,10
3805,10
3806,10
3807,10
3808,10
3809,10
3810,10
3811,10
3812,10
3813,10
3814,10
3815,10
3816,10
3817,10
3818,10
3819,10
3820,10
3821,10
3822,10
3823,10
3824,10
3825,10
3826,10
3827,10
3828,10
3829,10
3830,10
3831,10
3832,10
3833,10
3834,10
3835,10
3836,10
3837,10
3838,10
3839,10
3840,10
3841,10
3842,10
3843,10
3844,10
3845,10
3846,10
3847,10
3848,10
3849,10
3850,10
3851,10
3852,10
3853,10
3854,10
3855,10
3856,10
3857,10
3858,10
3859,10
3860,10
3861,10
3862,10
3863,10
3864,10
3865,10
3866,10
3867,10
3868,10
3869,10
3870,10
3871,10
3872,10
3873,10
3874,10
3875,10
3876,10
3877,10
3878,10
3879,10
3880,10
3881,10
3882,10
3883,10
3884,10
3885,10
3886,10
3887,10
3888,10
3889,10
3890,10
3891,10
3892,10
3893,10
3894,10
3895,10
3896,10
3897,10
3898,10
3899,10
3900,10
3901,10
3902,10
3903,10
3904,10
3905,10
3906,10
3907,10
3908,10
3909,10
3910,10
3911,10
3912,10
3913,10
3914,10
3915,10
3916,10
3917,10
3918,10
3919,10
3920,10
3921,10
3922,10
3923,10
3924,10
3925,10
3926,10
3927,10
3928,10
3929,10
3930,10
3931,10
3932,10
3933,10
3934,10
3935,10
3936,10
3937,10
3938,10
3939,10
3940,10
3941,10
3942,10
3943,10
3944,10
3945,10
3946,10
3947,10
3948,10
3949,10
3950,10
3951,10
3952,10
3953,10
3954,10
3955,10
3956,10
3957,10
3958,10
3959,10
3960,10
3961,10
3962,10
3963,10
3964,10
3965,10
3966,10
3967,10
3968,10
3969,10
3970,10
3971,10
3972,10
3973,10
3974,10
3975,10
3976,10
3977,10
3978,10
3979,10
3980,10
3981,10
3982,10
3983,10
3984,10
3985,10
3986,10
3987,10
3988,10
3989,10
3990,10
3991,10
3992,10
3993,10
3994,10
3995,10
3996,10
3997,10
3998,10
3999,10
4000,10
4001,10
4002,10
4003,10
4004,10
4005,10
4006,10
4007,10
4008,10
4009,10
4010,10
4011,10
4012,10
4013,10
4014,10
4015,10
4016,10
4017,10
4018,10
4019,10
4020,10
4021,10
4022,10
4023,10
4024,10
4025,10
4026,10
4027,10
4028,10
4029,10
4030,10
4031,10
4032,10
4033,10
4034,10
4035,10
4036,10
4037,10
4038,10
4039,10
4040,10
4041,10
4042,10
4043,10
4044,10
4045,10
4046,10
4047,10
4048,10
4049,10
4050,10
4051,10
4052,10
4053,10
4054,10
4055,10
4056,10
4057,10
4058,10
4059,10
4060,10
4061,10
4062,10
4063,10
4064,10
4065,10
4066,10
4067,10
4068,10
4069,10
4070,10
4071,10
4072,10
4073,10
4074,10
4075,10
4076,10
4077,10
4078,10
4079,10
4080,10
4081,10
4082,10
4083,10
4084,10
4085,10
4086,10
4087,10
4088,10
4089,10
4090,10
4091,10
4092,10
4093,10
4094,10
4095,10
4096,10
4097,10
4098,10
4099,10
4100,10
4101,10
4102,10
4103,10
4104,10
4105,10
4106,10
4107,10
4108,10
4109,10
4110,10
4111,10
4112,10
4113,10
4114,10
4115,10
4116,10
4117,10
4118,10
4119,10
4120,10
4121,10
4122,10
4123,10
4124,10
4125,10
4126,10
4127,10
4128,10
4129,10
4130,10
4131,10
4132,10
4133,10
4134,10
4135,10
4136,10
4137,10
4138,10
4139,10
4140,10
4141,10
4142,10
4143,10
4144,10
4145,10
4146,10
4147,10
4148,10
4149,10
4150,10
4151,10
4152,10
4153,10
4154,10
4155,10
4156,10
4157,10
4158,10
4159,10
4160,10
4161,10
4162,10
4163,10
4164,10
4165,10
4166,10
4167,10
4168,10
4169,10
4170,10
4171,10
4172,10
4173,10
4174,10
4175,10
4176,10
4177,10
4178,10
4179,10
4180,10
4181,10
4182,10
4183,10
4184,10
4185,10
4186,10
4187,10
4188,10
4189,10
4190,10
4191,10
4192,10
4193,10
4194,10
4195,10
4196,10
4197,10
4198,10
4199,10
4200,10
4201,10
4202,10
4203,10
4204,10
4205,10
4206,10
4207,10
4208,10
4209,10
4210,10
4211,10
4212,10
4213,10
4214,10
4215,10
4216,10
4217,10
4218,10
4219,10
4220,10
4221,10
4222,10
4223,10
4224,10
4225,10
4226,10
4227,10
4228,10
4229,10
4230,10
4231,10
4232,10
4233,10
4234,10
4235,10
4236,10
4237,10
4238,10
4239,10
4240,10
4241,10
4242,10
4243,10
4244,10
4245,10
4246,10
4247,10
4248,10
4249,10
4250,10
4251,10
4252,10
4253,10
4254,10
4255,10
4256,10
4257,10
4258,10
4259,10
4260,10
4261,10
4262,10
4263,10
4264,10
4265,10
4266,10
4267,10
4268,10
4269,10
4270,10
4271,10
4272,10
4273,10
4274,10
4275,10
4276,10
4277,10
4278,10
4279,10
4280,10
4281,10
4282,10
4283,10
4284,10
4285,10
4286,10
4287,10
4288,10
4289,10
4290,10
4291,10
4292,10
4293,10
4294,10
4295,10
4296,10
4297,10
4298,10
4299,10
4300,10
4301,10
4302,10
4303,10
4304,10
4305,10
4306,10
4307,10
4308,10
4309,10
4310,10
4311,10
4312,10
4313,10
4314,10
4315,10
4316,10
4317,10
4318,10
4319,10
4320,10
4321,10
4322,10
4323,10
4324,10
4325,10
4326,10
4327,10
4328,10
4329,10
4330,10
4331,10
4332,10
4333,10
4334,10
4335,10
4336,10
4337,10
4338,10
4339,10
4340,10
4341,10
4342,10
4343,10
4344,10
4345,10
4346,10
4347,10
4348,10
4349,10
4350,10
4351,10
4352,10
4353,10
4354,10
4355,10
4356,10
4357,10
4358,10
4359,10
4360,10
4361,10
4362,10
4363,10
4364,10
4365,10
4366,10
4367,10
4368,10
4369,10
4370,10
4371,10
4372,10
4373,10
4374,10
4375,10
4376,10
4377,10
4378,10
4379,10
4380,10
4381,10
4382,10
4383,10
4384,10
4385,10
4386,10
4387,10
4388,10
4389,10
4390,10
4391,10
4392,10
4393,10
4394,10
4395,10
4396,10
4397,10
4398,10
4399,10
4400,10
4401,10
4402,10
4403,10
4404,10
4405,10
4406,10
4407,10
4408,10
4409,10
4410,10
4411,10
4412,10
4413,10
4414,10
4415,10
4416,10
4417,10
4418,10
4419,10
4420,10
4421,10
4422,10
4423,10
4424,10
4425,10
4426,10
4427,10
4428,10
4429,10
4430,10
4431,10
4432,10
4433,10
4434,10
4435,10
4436,10
4437,10
4438,10
4439,10
4440,10
4441,10
4442,10
4443,10
4444,10
4445,10
4446,10
4447,10
4448,10
4449,10
4450,10
4451,10
4452,10
4453,10
4454,10
4455,10
4456,10
4457,10
4458,10
4459,10
4460,10
4461,10
4462,10
4463,10
4464,10
4465,10
4466,10
4467,10
4468,10
4469,10
4470,10
4471,10
4472,10
4473,10
4474,10
4475,10
4476,10
4477,10
4478,10
4479,10
4480,10
4481,10
4482,10
4483,10
4484,10
4485,10
4486,10
4487,10
4488,10
4489,10
4490,10
4491,10
4492,10
4493,10
4494,10
4495,10
4496,10
4497,10
4498,10
4499,10
4500,10
4501,10
4502,10
4503,10
4504,10
4505,10
4506,10
4507,10
4508,10
4509,10
4510,10
4511,10
4512,10
4513,10
4514,10
4515,10
4516,10
4517,10
4518,10
4519,10
4520,10
4521,10
4522,10
4523,10
4524,10
4525,10
4526,10
4527,10
4528,10
4529,10
4530,10
4531,10
4532,10
4533,10
4534,10
4535,10
4536,10
4537,10
4538,10
4539,10
4540,10
4541,10
4542,10
4543,10
4544,10
4545,10
4546,10
4547,10
4548,10
4549,10
4550,10
4551,10
4552,10
4553,10
4554,10
4555,10
4556,10
4557,10
4558,10
4559,10
4560,10
4561,10
4562,10
4563,10
4564,10
4565,10
4566,10
4567,10
4568,10
4569,10
4570,10
4571,10
4572,10
4573,10
4574,10
4575,10
4576,10
4577,10
4578,10
4579,10
4580,10
4581,10
4582,10
4583,10
4584,10
4585,10
4586,10
4587,10
4588,10
4589,10
4590,10
4591,10
4592,10
4593,10
4594,10
4595,10
4596,10
4597,10
4598,10
4599,10
4600,10
4601,10
4602,10
4603,10
4604,10
4605,10
4606,10
4607,10
4608,10
4609,10
4610,10
4611,10
4612,10
4613,10
4614,10
4615,10
4616,10
4617,10
4618,10
4619,10
4620,10
4621,10
4622,10
4623,10
4624,10
4625,10
4626,10
4627,10
4628,10
4629,10
4630,10
4631,10
4632,10
4633,10
4634,10
4635,10
4636,10
4637,10
4638,10
4639,10
4640,10
4641,10
4642,10
4643,10
4644,10
4645,10
4646,10
4647,10
4648,10
4649,10
4650,10
4651,10
4652,10
4653,10
4654,10
4655,10
4656,10
4657,10
4658,10
4659,10
4660,10
4661,10
4662,10
4663,10
4664,10
4665,10
4666,10
4667,10
4668,10
4669,10
4670,10
4671,10
4672,10
4673,10
4674,10
4675,10
4676,10
4677,10
4678,10
4679,10
4680,10
4681,10
4682,10
4683,10
4684,10
4685,10
4686,10
4687,10
4688,10
4689,10
4690,10
4691,10
4692,10
4693,10
4694,10
4695,10
4696,10
4697,10
4698,10
4699,10
4700,10
4701,10
4702,10
4703,10
4704,10
4705,10
4706,10
4707,10
4708,10
4709,10
4710,10
4711,10
4712,10
4713,10
4714,10
4715,10
4716,10
4717,10
4718,10
4719,10
4720,10
4721,10
4722,10
4723,10
4724,10
4725,10
4726,10
4727,10
4728,10
4729,10
4730,10
4731,10
4732,10
4733,10
4734,10
4735,10
4736,10
4737,10
4738,10
4739,10
4740,10
4741,10
4742,10
4743,10
4744,10
4745,10
4746,10
4747,10
4748,10
4749,10
4750,10
4751,10
4752,10
4753,10
4754,10
4755,10
4756,10
4757,10
4758,10
4759,10
4760,10
4761,10
4762,10
4763,10
4764,10
4765,10
4766,10
4767,10
4768,10
4769,10
4770,10
4771,10
4772,10
4773,10
4774,10
4775,10
4776,10
4777,10
4778,10
4779,10
4780,10
4781,10
4782,10
4783,10
4784,10
4785,10
4786,10
4787,10
4788,10
4789,10
4790,10
4791,10
4792,10
4793,10
4794,10
4795,10
4796,10
4797,10
4798,10
4799,10
4800,10
4801,10
4802,10
4803,10
4804,10
4805,10
4806,10
4807,10
4808,10
4809,10
4810,10
4811,10
4812,10
4813,10
4814,10
4815,10
4816,10
4817,10
4818,10
4819,10
4820,10
4821,10
4822,10
4823,10
4824,10
4825,10
4826,10
4827,10
4828,10
4829,10
4830,10
4831,10
4832,10
4833,10
4834,10
4835,10
4836,10
4837,10
4838,10
4839,10
4840,10
4841,10
4842,10
4843,10
4844,10
4845,10
4846,10
4847,10
4848,10
4849,10
4850,10
4851,10
4852,10
4853,10
4854,10
4855,10
4856,10
4857,10
4858,10
4859,10
4860,10
4861,10
4862,10
4863,10
4864,10
4865,10
4866,10
4867,10
4868,10
4869,10
4870,10
4871,10
4872,10
4873,10
4874,10
4875,10
4876,10
4877,10
4878,10
4879,10
4880,10
4881,10
4882,10
4883,10
4884,10
4885,10
4886,10
4887,10
4888,10
4889,10
4890,10
4891,10
4892,10
4893,10
4894,10
4895,10
4896,10
4897,10
4898,10
4899,10
4900,10
4901,10
4902,10
4903,10
4904,10
4905,10
4906,10
4907,10
4908,10
4909,10
4910,10
4911,10
4912,10
4913,10
4914,10
4915,10
4916,10
4917,10
4918,10
4919,10
4920,10
4921,10
4922,10
4923,10
4924,10
4925,10
4926,10
4927,10
4928,10
4929,10
4930,10
4931,10
4932,10
4933,10
4934,10
4935,10
4936,10
4937,10
4938,10
4939,10
4940,10
4941,10
4942,10
4943,10
4944,10
4945,10
4946,10
4947,10
4948,10
4949,10
4950,10
4951,10
4952,10
4953,10
4954,10
4955,10
4956,10
4957,10
4958,10
4959,10
4960,10
4961,10
4962,10
4963,10
4964,10
4965,10
4966,10
4967,10
4968,10
4969,10
4970,10
4971,10
4972,10
4973,10
4974,10
4975,10
4976,10
4977,10
4978,10
4979,10
4980,10
4981,10
4982,10
4983,10
4984,10
4985,10
4986,10
4987,10
4988,10
4989,10
4990,10
4991,10
4992,10
4993,10
4994,10
4995,10
4996,10
4997,10
4998,10
4999,10
5000,10
5001,10
5002,10
5003,10
5004,10
5005,10
5006,10
5007,10
5008,10
5009,10
5010,10
5011,10
5012,10
5013,10
5014,10
5015,10
5016,10
5017,10
5018,10
5019,10
5020,10
5021,10
5022,10
5023,10
5024,10
5025,10
5026,10
5027,10
5028,10
5029,10
5030,10
5031,10
5032,10
5033,10
5034,10
5035,10
5036,10
5037,10
5038,10
5039,10
5040,10
5041,10
5042,10
5043,10
5044,10
5045,10
5046,10
5047,10
5048,10
5049,10
5050,10
5051,10
5052,10
5053,10
5054,10
5055,10
5056,10
5057,10
5058,10
5059,10
5060,10
5061,10
5062,10
5063,10
5064,10
5065,10
5066,10
5067,10
5068,10
5069,10
5070,10
5071,10
5072,10
5073,10
5074,10
5075,10
5076,10
5077,10
5078,10
5079,10
5080,10
5081,10
5082,10
5083,10
5084,10
5085,10
5086,10
5087,10
5088,10
5089,10
5090,10
5091,10
5092,10
5093,10
5094,10
5095,10
5096,10
5097,10
5098,10
5099,10
5100,10
5101,10
5102,10
5103,10
5104,10
5105,10
5106,10
5107,10
5108,10
5109,10
5110,10
5111,10
5112,10
5113,10
5114,10
5115,10
5116,10
5117,10
5118,10
5119,10
5120,10
5121,10
5122,10
5123,10
5124,10
5125,10
5126,10
5127,10
5128,10
5129,10
5130,10
5131,10
5132,10
5133,10
5134,10
5135,10
5136,10
5137,10
5138,10
5139,10
5140,10
5141,10
5142,10
5143,10
5144,10
5145,10
5146,10
5147,10
5148,10
5149,10
5150,10
5151,10
5152,10
5153,10
5154,10
5155,10
5156,10
5157,10
5158,10
5159,10
5160,10
5161,10
5162,10
5163,10
5164,10
5165,10
5166,10
5167,10
5168,10
5169,10
5170,10
5171,10
5172,10
5173,10
5174,10
5175,10
5176,10
5177,10
5178,10
5179,10
5180,10
5181,10
5182,10
5183,10
5184,10
5185,10
5186,10
5187,10
5188,10
5189,10
5190,10
5191,10
5192,10
5193,10
5194,10
5195,10
5196,10
5197,10
5198,10
5199,10
5200,10
5201,10
5202,10
5203,10
5204,10
5205,10
5206,10
5207,10
5208,10
5209,10
5210,10
5211,10
5212,10
5213,10
5214,10
5215,10
5216,10
5217,10
5218,10
5219,10
5220,10
5221,10
5222,10
5223,10
5224,10
5225,10
5226,10
5227,10
5228,10
5229,10
5230,10
5231,10
5232,10
5233,10
5234,10
5235,10
5236,10
5237,10
5238,10
5239,10
5240,10
5241,10
5242,10
5243,10
5244,10
5245,10
5246,10
5247,10
5248,10
5249,10
5250,10
5251,10
5252,10
5253,10
5254,10
5255,10
5256,10
5257,10
5258,10
5259,10
5260,10
5261,10
5262,10
5263,10
5264,10
5265,10
5266,10
5267,10
5268,10
5269,10
5270,10
5271,10
5272,10
5273,10
5274,10
5275,10
5276,10
5277,10
5278,10
5279,10
5280,10
5281,10
5282,10
5283,10
5284,10
5285,10
5286,10
5287,10
5288,10
5289,10
5290,10
5291,10
5292,10
5293,10
5294,10
5295,10
5296,10
5297,10
5298,10
5299,10
5300,10
5301,10
5302,10
5303,10
5304,10
5305,10
5306,10
5307,10
5308,10
5309,10
5310,10
5311,10
5312,10
5313,10
5314,10
5315,10
5316,10
5317,10
5318,10
5319,10
5320,10
5321,10
5322,10
5323,10
5324,10
5325,10
5326,10
5327,10
5328,10
5329,10
5330,10
5331,10
5332,10
5333,10
5334,10
5335,10
5336,10
5337,10
5338,10
5339,10
5340,10
5341,10
5342,10
5343,10
5344,10
5345,10
5346,10
5347,10
5348,10
5349,10
5350,10
5351,10
5352,10
5353,10
5354,10
5355,10
5356,10
5357,10
5358,10
5359,10
5360,10
5361,10
5362,10
5363,10
5364,10
5365,10
5366,10
5367,10
5368,10
5369,10
5370,10
5371,10
5372,10
5373,10
5374,10
5375,10
5376,10
5377,10
5378,10
5379,10
5380,10
5381,10
5382,10
5383,10
5384,10
5385,10
5386,10
5387,10
5388,10
5389,10
5390,10
5391,10
5392,10
5393,10
5394,10
5395,10
5396,10
5397,10
5398,10
5399,10
5400,10
5401,10
5402,10
5403,10
5404,10
5405,10
5406,10
5407,10
5408,10
5409,10
5410,10
5411,10
5412,10
5413,10
5414,10
5415,10
5416,10
5417,10
5418,10
5419,10
5420,10
5421,10
5422,10
5423,10
5424,10
5425,10
5426,10
5427,10
5428,10
5429,10
5430,10
5431,10
5432,10
5433,10
5434,10
5435,10
5436,10
5437,10
5438,10
5439,10
5440,10
5441,10
5442,10
5443,10
5444,10
5445,10
5446,10
5447,10
5448,10
5449,10
5450,10
5451,10
5452,10
5453,10
5454,10
5455,10
5456,10
5457,10
5458,10
5459,10
5460,10
5461,10
5462,10
5463,10
5464,10
5465,10
5466,10
5467,10
5468,10
5469,10
5470,10
5471,10
5472,10
5473,10
5474,10
5475,10
5476,10
5477,10
5478,10
5479,10
5480,10
5481,10
5482,10
5483,10
5484,10
5485,10
5486,10
5487,10
5488,10
5489,10
5490,10
5491,10
5492,10
5493,10
5494,10
5495,10
5496,10
5497,10
5498,10
5499,10
5500,10
5501,10
5502,10
5503,10
5504,10
5505,10
5506,10
5507,10
5508,10
5509,10
5510,10
5511,10
5512,10
5513,10
5514,10
5515,10
5516,10
5517,10
5518,10
5519,10
5520,10
5521,10
5522,10
5523,10
5524,10
5525,10
5526,10
5527,10
5528,10
5529,10
5530,10
5531,10
5532,10
5533,10
5534,10
5535,10
5536,10
5537,10
5538,10
5539,10
5540,10
5541,10
5542,10
5543,10
5544,10
5545,10
5546,10
5547,10
5548,10
5549,10
5550,10
5551,10
5552,10
5553,10
5554,10
5555,10
5556,10
5557,10
5558,10
5559,10
5560,10
5561,10
5562,10
5563,10
5564,10
5565,10
5566,10
5567,10
5568,10
5569,10
5570,10
5571,10
5572,10
5573,10
5574,10
5575,10
5576,10
5577,10
5578,10
5579,10
5580,10
5581,10
5582,10
5583,10
5584,10
5585,10
5586,10
5587,10
5588,10
5589,10
5590,10
5591,10
5592,10
5593,10
5594,10
5595,10
5596,10
5597,10
5598,10
5599,10
5600,10
5601,10
5602,10
5603,10
5604,10
5605,10
5606,10
5607,10
5608,10
5609,10
5610,10
5611,10
5612,10
5613,10
5614,10
5615,10
5616,10
5617,10
5618,10
5619,10
5620,10
5621,10
5622,10
5623,10
5624,10
5625,10
5626,10
5627,10
5628,10
5629,10
5630,10
5631,10
5632,10
5633,10
5634,10
5635,10
5636,10
5637,10
5638,10
5639,10
5640,10
5641,10
5642,10
5643,10
5644,10
5645,10
5646,10
5647,10
5648,10
5649,10
5650,10
5651,10
5652,10
5653,10
5654,10
5655,10
5656,10
5657,10
5658,10
5659,10
5660,10
5661,10
5662,10
5663,10
5664,10
5665,10
5666,10
5667,10
5668,10
5669,10
5670,10
5671,10
5672,10
5673,10
5674,10
5675,10
5676,10
5677,10
5678,10
5679,10
5680,10
5681,10
5682,10
5683,10
5684,10
5685,10
5686,10
5687,10
5688,10
5689,10
5690,10
5691,10
5692,10
5693,10
5694,10
5695,10
5696,10
5697,10
5698,10
5699,10
5700,10
5701,10
5702,10
5703,10
5704,10
5705,10
5706,10
5707,10
5708,10
5709,10
5710,10
5711,10
5712,10
5713,10
5714,10
5715,10
5716,10
5717,10
5718,10
5719,10
5720,10
5721,10
5722,10
5723,10
5724,10
5725,10
5726,10
5727,10
5728,10
5729,10
5730,10
5731,10
5732,10
5733,10
5734,10
5735,10
5736,10
5737,10
5738,10
5739,10
5740,10
5741,10
5742,10
5743,10
5744,10
5745,10
5746,10
5747,10
5748,10
5749,10
5750,10
5751,10
5752,10
5753,10
5754,10
5755,10
5756,10
5757,10
5758,10
5759,10
5760,10
5761,10
5762,10
5763,10
5764,10
5765,10
5766,10
5767,10
5768,10
5769,10
5770,10
5771,10
5772,10
5773,10
5774,10
5775,10
5776,10
5777,10
5778,10
5779,10
5780,10
5781,10
5782,10
5783,10
5784,10
5785,10
5786,10
5787,10
5788,10
5789,10
5790,10
5791,10
5792,10
5793,10
5794,10
5795,10
5796,10
5797,10
5798,10
5799,10
5800,10
5801,10
5802,10
5803,10
5804,10
5805,10
5806,10
5807,10
5808,10
5809,10
5810,10
5811,10
5812,10
5813,10
5814,10
5815,10
5816,10
5817,10
5818,10
5819,10
5820,10
5821,10
5822,10
5823,10
5824,10
5825,10
5826,10
5827,10
5828,10
5829,10
5830,10
5831,10
5832,10
5833,10
5834,10
5835,10
5836,10
5837,10
5838,10
5839,10
5840,10
5841,10
5842,10
5843,10
5844,10
5845,10
5846,10
5847,10
5848,10
5849,10
5850,10
5851,10
5852,10
5853,10
5854,10
5855,10
5856,10
5857,10
5858,10
5859,10
5860,10
5861,10
5862,10
5863,10
5864,10
5865,10
5866,10
5867,10
5868,10
5869,10
5870,10
5871,10
5872,10
5873,10
5874,10
5875,10
5876,10
5877,10
5878,10
5879,10
5880,10
5881,10
5882,10
5883,10
5884,10
5885,10
5886,10
5887,10
5888,10
5889,10
5890,10
5891,10
5892,10
5893,10
5894,10
5895,10
5896,10
5897,10
5898,10
5899,10
5900,10
5901,10
5902,10
5903,10
5904,10
5905,10
5906,10
5907,10
5908,10
5909,10
5910,10
5911,10
5912,10
5913,10
5914,10
5915,10
5916,10
5917,10
5918,10
5919,10
5920,10
5921,10
5922,10
5923,10
5924,10
5925,10
5926,10
5927,10
5928,10
5929,10
5930,10
5931,10
5932,10
5933,10
5934,10
5935,10
5936,10
5937,10
5938,10
5939,10
5940,10
5941,10
5942,10
5943,10
5944,10
5945,10
5946,10
5947,10
5948,10
5949,10
5950,10
5951,10
5952,10
5953,10
5954,10
5955,10
5956,10
5957,10
5958,10
5959,10
5960,10
5961,10
5962,10
5963,10
5964,10
5965,10
5966,10
5967,10
5968,10
5969,10
5970,10
5971,10
5972,10
5973,10
5974,10
5975,10
5976,10
5977,10
5978,10
5979,10
5980,10
5981,10
5982,10
5983,10
5984,10
5985,10
5986,10
5987,10
5988,10
5989,10
5990,10
5991,10
5992,10
5993,10
5994,10
5995,10
5996,10
5997,10
5998,10
5999,10
6000,10
6001,10
6002,10
6003,10
6004,10
6005,10
6006,10
6007,10
6008,10
6009,10
6010,10
6011,10
6012,10
6013,10
6014,10
6015,10
6016,10
6017,10
6018,10
6019,10
6020,10
6021,10
6022,10
6023,10
6024,10
6025,10
6026,10
6027,10
6028,10
6029,10
6030,10
6031,10
6032,10
6033,10
6034,10
6035,10
6036,10
6037,10
6038,10
6039,10
6040,10
6041,10
6042,10
6043,10
6044,10
6045,10
6046,10
6047,10
6048,10
6049,10
6050,10
6051,10
6052,10
6053,10
6054,10
6055,10
6056,10
6057,10
6058,10
6059,10
6060,10
6061,10
6062,10
6063,10
6064,10
6065,10
6066,10
6067,10
6068,10
6069,10
6070,10
6071,10
6072,10
6073,10
6074,10
6075,10
6076,10
6077,10
6078,10
6079,10
6080,10
6081,10
6082,10
6083,10
6084,10
6085,10
6086,10
6087,10
6088,10
6089,10
6090,10
6091,10
6092,10
6093,10
6094,10
6095,10
6096,10
6097,10
6098,10
6099,10
6100,10
6101,10
6102,10
6103,10
6104,10
6105,10
6106,10
6107,10
6108,10
6109,10
6110,10
6111,10
6112,10
6113,10
6114,10
6115,10
6116,10
6117,10
6118,10
6119,10
6120,10
6121,10
6122,10
6123,10
6124,10
6125,10
6126,10
6127,10
6128,10
6129,10
6130,10
6131,10
6132,10
6133,10
6134,10
6135,10
6136,10
6137,10
6138,10
6139,10
6140,10
6141,10
6142,10
6143,10
6144,10
6145,10
6146,10
6147,10
6148,10
6149,10
6150,10
6151,10
6152,10
6153,10
6154,10
6155,10
6156,10
6157,10
6158,10
6159,10
6160,10
6161,10
6162,10
6163,10
6164,10
6165,10
6166,10
6167,10
6168,10
6169,10
6170,10
6171,10
6172,10
6173,10
6174,10
6175,10
6176,10
6177,10
6178,10
6179,10
6180,10
6181,10
6182,10
6183,10
6184,10
6185,10
6186,10
6187,10
6188,10
6189,10
6190,10
6191,10
6192,10
6193,10
6194,10
6195,10
6196,10
6197,10
6198,10
6199,10
6200,10
6201,10
6202,10
6203,10
6204,10
6205,10
6206,10
6207,10
6208,10
6209,10
6210,10
6211,10
6212,10
6213,10
6214,10
6215,10
6216,10
6217,10
6218,10
6219,10
6220,10
6221,10
6222,10
6223,10
6224,10
6225,10
6226,10
6227,10
6228,10
6229,10
6230,10
6231,10
6232,10
6233,10
6234,10
6235,10
6236,10
6237,10
6238,10
6239,10
6240,10
6241,10
6242,10
6243,10
6244,10
6245,10
6246,10
6247,10
6248,10
6249,10
6250,10
6251,10
6252,10
6253,10
6254,10
6255,10
6256,10
6257,10
6258,10
6259,10
6260,10
6261,10
6262,10
6263,10
6264,10
6265,10
6266,10
6267,10
6268,10
6269,10
6270,10
6271,10
6272,10
6273,10
6274,10
6275,10
6276,10
6277,10
6278,10
6279,10
6280,10
6281,10
6282,10
6283,10
6284,10
6285,10
6286,10
6287,10
6288,10
6289,10
6290,10
6291,10
6292,10
6293,10
6294,10
6295,10
6296,10
6297,10
6298,10
6299,10
6300,10
6301,10
6302,10
6303,10
6304,10
6305,10
6306,10
6307,10
6308,10
6309,10
6310,10
6311,10
6312,10
6313,10
6314,10
6315,10
6316,10
6317,10
6318,10
6319,10
6320,10
6321,10
6322,10
6323,10
6324,10
6325,10
6326,10
6327,10
6328,10
6329,10
6330,10
6331,10
6332,10
6333,10
6334,10
6335,10
6336,10
6337,10
6338,10
6339,10
6340,10
6341,10
6342,10
6343,10
6344,10
6345,10
6346,10
6347,10
6348,10
6349,10
6350,10
6351,10
6352,10
6353,10
6354,10
6355,10
6356,10
6357,10
6358,10
6359,10
6360,10
6361,10
6362,10
6363,10
6364,10
6365,10
6366,10
6367,10
6368,10
6369,10
6370,10
6371,10
6372,10
6373,10
6374,10
6375,10
6376,10
6377,10
6378,10
6379,10
6380,10
6381,10
6382,10
6383,10
6384,10
6385,10
6386,10
6387,10
6388,10
6389,10
6390,10
6391,10
6392,10
6393,10
6394,10
6395,10
6396,10
6397,10
6398,10
6399,10
6400,10
6401,10
6402,10
6403,10
6404,10
6405,10
6406,10
6407,10
6408,10
6409,10
6410,10
6411,10
6412,10
6413,10
6414,10
6415,10
6416,10
6417,10
6418,10
6419,10
6420,10
6421,10
6422,10
6423,10
6424,10
6425,10
6426,10
6427,10
6428,10
6429,10
6430,10
6431,10
6432,10
6433,10
6434,10
6435,10
6436,10
6437,10
6438,10
6439,10
6440,10
6441,10
6442,10
6443,10
6444,10
6445,10
6446,10
6447,10
6448,10
6449,10
6450,10
6451,10
6452,10
6453,10
6454,10
6455,10
6456,10
6457,10
6458,10
6459,10
6460,10
6461,10
6462,10
6463,10
6464,10
6465,10
6466,10
6467,10
6468,10
6469,10
6470,10
6471,10
6472,10
6473,10
6474,10
6475,10
6476,10
6477,10
6478,10
6479,10
6480,10
6481,10
6482,10
6483,10
6484,10
6485,10
6486,10
6487,10
6488,10
6489,10
6490,10
6491,10
6492,10
6493,10
6494,10
6495,10
6496,10
6497,10
6498,10
6499,10
6500,10
6501,10
6502,10
6503,10
6504,10
6505,10
6506,10
6507,10
6508,10
6509,10
6510,10
6511,10
6512,10
6513,10
6514,10
6515,10
6516,10
6517,10
6518,10
6519,10
6520,10
6521,10
6522,10
6523,10
6524,10
6525,10
6526,10
6527,10
6528,10
6529,10
6530,10
6531,10
6532,10
6533,10
6534,10
6535,10
6536,10
6537,10
6538,10
6539,10
6540,10
6541,10
6542,10
6543,10
6544,10
6545,10
6546,10
6547,10
6548,10
6549,10
6550,10
6551,10
6552,10
6553,10
6554,10
6555,10
6556,10
6557,10
6558,10
6559,10
6560,10
6561,10
6562,10
6563,10
6564,10
6565,10
6566,10
6567,10
6568,10
6569,10
6570,10
6571,10
6572,10
6573,10
6574,10
6575,10
6576,10
6577,10
6578,10
6579,10
6580,10
6581,10
6582,10
6583,10
6584,10
6585,10
6586,10
6587,10
6588,10
6589,10
6590,10
6591,10
6592,10
6593,10
6594,10
6595,10
6596,10
6597,10
6598,10
6599,10
6600,10
6601,10
6602,10
6603,10
6604,10
6605,10
6606,10
6607,10
6608,10
6609,10
6610,10
6611,10
6612,10
6613,10
6614,10
6615,10
6616,10
6617,10
6618,10
6619,10
6620,10
6621,10
6622,10
6623,10
6624,10
6625,10
6626,10
6627,10
6628,10
6629,10
6630,10
6631,10
6632,10
6633,10
6634,10
6635,10
6636,10
6637,10
6638,10
6639,10
6640,10
6641,10
6642,10
6643,10
6644,10
6645,10
6646,10
6647,10
6648,10
6649,10
6650,10
6651,10
6652,10
6653,10
6654,10
6655,10
6656,10
6657,10
6658,10
6659,10
6660,10
6661,10
6662,10
6663,10
6664,10
6665,10
6666,10
6667,10
6668,10
6669,10
6670,10
6671,10
6672,10
6673,10
6674,10
6675,10
6676,10
6677,10
6678,10
6679,10
6680,10
6681,10
6682,10
6683,10
6684,10
6685,10
6686,10
6687,10
6688,10
6689,10
6690,10
6691,10
6692,10
6693,10
6694,10
6695,10
6696,10
6697,10
6698,10
6699,10
6700,10
6701,10
6702,10
6703,10
6704,10
6705,10
6706,10
6707,10
6708,10
6709,10
6710,10
6711,10
6712,10
6713,10
6714,10
6715,10
6716,10
6717,10
6718,10
6719,10
6720,10
6721,10
6722,10
6723,10
6724,10
6725,10
6726,10
6727,10
6728,10
6729,10
6730,10
6731,10
6732,10
6733,10
6734,10
6735,10
6736,10
6737,10
6738,10
6739,10
6740,10
6741,10
6742,10
6743,10
6744,10
6745,10
6746,10
6747,10
6748,10
6749,10
6750,10
6751,10
6752,10
6753,10
6754,10
6755,10
6756,10
6757,10
6758,10
6759,10
6760,10
6761,10
6762,10
6763,10
6764,10
6765,10
6766,10
6767,10
6768,10
6769,10
6770,10
6771,10
6772,10
6773,10
6774,10
6775,10
6776,10
6777,10
6778,10
6779,10
6780,10
6781,10
6782,10
6783,10
6784,10
6785,10
6786,10
6787,10
6788,10
6789,10
6790,10
6791,10
6792,10
6793,10
6794,10
6795,10
6796,10
6797,10
6798,10
6799,10
6800,10
6801,10
6802,10
6803,10
6804,10
6805,10
6806,10
6807,10
6808,10
6809,10
6810,10
6811,10
6812,10
6813,10
6814,10
6815,10
6816,10
6817,10
6818,10
6819,10
6820,10
6821,10
6822,10
6823,10
6824,10
6825,10
6826,10
6827,10
6828,10
6829,10
6830,10
6831,10
6832,10
6833,10
6834,10
6835,10
6836,10
6837,10
6838,10
6839,10
6840,10
6841,10
6842,10
6843,10
6844,10
6845,10
6846,10
6847,10
6848,10
6849,10
6850,10
6851,10
6852,10
6853,10
6854,10
6855,10
6856,10
6857,10
6858,10
6859,10
6860,10
6861,10
6862,10
6863,10
6864,10
6865,10
6866,10
6867,10
6868,10
6869,10
6870,10
6871,10
6872,10
6873,10
6874,10
6875,10
6876,10
6877,10
6878,10
6879,10
6880,10
6881,10
6882,10
6883,10
6884,10
6885,10
6886,10
6887,10
6888,10
6889,10
6890,10
6891,10
6892,10
6893,10
6894,10
6895,10
6896,10
6897,10
6898,10
6899,10
6900,10
6901,10
6902,10
6903,10
6904,10
6905,10
6906,10
6907,10
6908,10
6909,10
6910,10
6911,10
6912,10
6913,10
6914,10
6915,10
6916,10
6917,10
6918,10
6919,10
6920,10
6921,10
6922,10
6923,10
6924,10
6925,10
6926,10
6927,10
6928,10
6929,10
6930,10
6931,10
6932,10
6933,10
6934,10
6935,10
6936,10
6937,10
6938,10
6939,10
6940,10
6941,10
6942,10
6943,10
6944,10
6945,10
6946,10
6947,10
6948,10
6949,10
6950,10
6951,10
6952,10
6953,10
6954,10
6955,10
6956,10
6957,10
6958,10
6959,10
6960,10
6961,10
6962,10
6963,10
6964,10
6965,10
6966,10
6967,10
6968,10
6969,10
6970,10
6971,10
6972,10
6973,10
6974,10
6975,10
6976,10
6977,10
6978,10
6979,10
6980,10
6981,10
6982,10
6983,10
6984,10
6985,10
6986,10
6987,10
6988,10
6989,10
6990,10
6991,10
6992,10
6993,10
6994,10
6995,10
6996,10
6997,10
6998,10
6999,10
7000,10
7001,10
7002,10
7003,10
7004,10
7005,10
7006,10
7007,10
7008,10
7009,10
7010,10
7011,10
7012,10
7013,10
7014,10
7015,10
7016,10
7017,10
7018,10
7019,10
7020,10
7021,10
7022,10
7023,10
7024,10
7025,10
7026,10
7027,10
7028,10
7029,10
7030,10
7031,10
7032,10
7033,10
7034,10
7035,10
7036,10
7037,10
7038,10
7039,10
7040,10
7041,10
7042,10
7043,10
7044,10
7045,10
7046,10
7047,10
7048,10
7049,10
7050,10
7051,10
7052,10
7053,10
7054,10
7055,10
7056,10
7057,10
7058,10
7059,10
7060,10
7061,10
7062,10
7063,10
7064,10
7065,10
7066,10
7067,10
7068,10
7069,10
7070,10
7071,10
7072,10
7073,10
7074,10
7075,10
7076,10
7077,10
7078,10
7079,10
7080,10
7081,10
7082,10
7083,10
7084,10
7085,10
7086,10
7087,10
7088,10
7089,10
7090,10
7091,10
7092,10
7093,10
7094,10
7095,10
7096,10
7097,10
7098,10
7099,10
7100,10
7101,10
7102,10
7103,10
7104,10
7105,10
7106,10
7107,10
7108,10
7109,10
7110,10
7111,10
7112,10
7113,10
7114,10
7115,10
7116,10
7117,10
7118,10
7119,10
7120,10
7121,10
7122,10
7123,10
7124,10
7125,10
7126,10
7127,10
7128,10
7129,10
7130,10
7131,10
7132,10
7133,10
7134,10
7135,10
7136,10
7137,10
7138,10
7139,10
7140,10
7141,10
7142,10
7143,10
7144,10
7145,10
7146,10
7147,10
7148,10
7149,10
7150,10
7151,10
7152,10
7153,10
7154,10
7155,10
7156,10
7157,10
7158,10
7159,10
7160,10
7161,10
7162,10
7163,10
7164,10
7165,10
7166,10
7167,10
7168,10
7169,10
7170,10
7171,10
7172,10
7173,10
7174,10
7175,10
7176,10
7177,10
7178,10
7179,10
7180,10
7181,10
7182,10
7183,10
7184,10
7185,10
7186,10
7187,10
7188,10
7189,10
7190,10
7191,10
7192,10
7193,10
7194,10
7195,10
7196,10
7197,10
7198,10
7199,10
7200,10
7201,10
7202,10
7203,10
7204,10
7205,10
7206,10
7207,10
7208,10
7209,10
7210,10
7211,10
7212,10
7213,10
7214,10
7215,10
7216,10
7217,10
7218,10
7219,10
7220,10
7221,10
7222,10
7223,10
7224,10
7225,10
7226,10
7227,10
7228,10
7229,10
7230,10
7231,10
7232,10
7233,10
7234,10
7235,10
7236,10
7237,10
7238,10
7239,10
7240,10
7241,10
7242,10
7243,10
7244,10
7245,10
7246,10
7247,10
7248,10
7249,10
7250,10
7251,10
7252,10
7253,10
7254,10
7255,10
7256,10
7257,10
7258,10
7259,10
7260,10
7261,10
7262,10
7263,10
7264,10
7265,10
7266,10
7267,10
7268,10
7269,10
7270,10
7271,10
7272,10
7273,10
7274,10
7275,10
7276,10
7277,10
7278,10
7279,10
7280,10
7281,10
7282,10
7283,10
7284,10
7285,10
7286,10
7287,10
7288,10
7289,10
7290,10
7291,10
7292,10
7293,10
7294,10
7295,10
7296,10
7297,10
7298,10
7299,10
7300,10
7301,10
7302,10
7303,10
7304,10
7305,10
7306,10
7307,10
7308,10
7309,10
7310,10
7311,10
7312,10
7313,10
7314,10
7315,10
7316,10
7317,10
7318,10
7319,10
7320,10
7321,10
7322,10
7323,10
7324,10
7325,10
7326,10
7327,10
7328,10
7329,10
7330,10
7331,10
7332,10
7333,10
7334,10
7335,10
7336,10
7337,10
7338,10
7339,10
7340,10
7341,10
7342,10
7343,10
7344,10
7345,10
7346,10
7347,10
7348,10
7349,10
7350,10
7351,10
7352,10
7353,10
7354,10
7355,10
7356,10
7357,10
7358,10
7359,10
7360,10
7361,10
7362,10
7363,10
7364,10
7365,10
7366,10
7367,10
7368,10
7369,10
7370,10
7371,10
7372,10
7373,10
7374,10
7375,10
7376,10
7377,10
7378,10
7379,10
7380,10
7381,10
7382,10
7383,10
7384,10
7385,10
7386,10
7387,10
7388,10
7389,10
7390,10
7391,10
7392,10
7393,10
7394,10
7395,10
7396,10
7397,10
7398,10
7399,10
7400,10
7401,10
7402,10
7403,10
7404,10
7405,10
7406,10
7407,10
7408,10
7409,10
7410,10
7411,10
7412,10
7413,10
7414,10
7415,10
7416,10
7417,10
7418,10
7419,10
7420,10
7421,10
7422,10
7423,10
7424,10
7425,10
7426,10
7427,10
7428,10
7429,10
7430,10
7431,10
7432,10
7433,10
7434,10
7435,10
7436,10
7437,10
7438,10
7439,10
7440,10
7441,10
7442,10
7443,10
7444,10
7445,10
7446,10
7447,10
7448,10
7449,10
7450,10
7451,10
7452,10
7453,10
7454,10
7455,10
7456,10
7457,10
7458,10
7459,10
7460,10
7461,10
7462,10
7463,10
7464,10
7465,10
7466,10
7467,10
7468,10
7469,10
7470,10
7471,10
7472,10
7473,10
7474,10
7475,10
7476,10
7477,10
7478,10
7479,10
7480,10
7481,10
7482,10
7483,10
7484,10
7485,10
7486,10
7487,10
7488,10
7489,10
7490,10
7491,10
7492,10
7493,10
7494,10
7495,10
7496,10
7497,10
7498,10
7499,10
7500,10
7501,10
7502,10
7503,10
7504,10
7505,10
7506,10
7507,10
7508,10
7509,10
7510,10
7511,10
7512,10
7513,10
7514,10
7515,10
7516,10
7517,10
7518,10
7519,10
7520,10
7521,10
7522,10
7523,10
7524,10
7525,10
7526,10
7527,10
7528,10
7529,10
7530,10
7531,10
7532,10
7533,10
7534,10
7535,10
7536,10
7537,10
7538,10
7539,10
7540,10
7541,10
7542,10
7543,10
7544,10
7545,10
7546,10
7547,10
7548,10
7549,10
7550,10
7551,10
7552,10
7553,10
7554,10
7555,10
7556,10
7557,10
7558,10
7559,10
7560,10
7561,10
7562,10
7563,10
7564,10
7565,10
7566,10
7567,10
7568,10
7569,10
7570,10
7571,10
7572,10
7573,10
7574,10
7575,10
7576,10
7577,10
7578,10
7579,10
7580,10
7581,10
7582,10
7583,10
7584,10
7585,10
7586,10
7587,10
7588,10
7589,10
7590,10
7591,10
7592,10
7593,10
7594,10
7595,10
7596,10
7597,10
7598,10
7599,10
7600,10
7601,10
7602,10
7603,10
7604,10
7605,10
7606,10
7607,10
7608,10
7609,10
7610,10
7611,10
7612,10
7613,10
7614,10
7615,10
7616,10
7617,10
7618,10
7619,10
7620,10
7621,10
7622,10
7623,10
7624,10
7625,10
7626,10
7627,10
7628,10
7629,10
7630,10
7631,10
7632,10
7633,10
7634,10
7635,10
7636,10
7637,10
7638,10
7639,10
7640,10
7641,10
7642,10
7643,10
7644,10
7645,10
7646,10
7647,10
7648,10
7649,10
7650,10
7651,10
7652,10
7653,10
7654,10
7655,10
7656,10
7657,10
7658,10
7659,10
7660,10
7661,10
7662,10
7663,10
7664,10
7665,10
7666,10
7667,10
7668,10
7669,10
7670,10
7671,10
7672,10
7673,10
7674,10
7675,10
7676,10
7677,10
7678,10
7679,10
7680,10
7681,10
7682,10
7683,10
7684,10
7685,10
7686,10
7687,10
7688,10
7689,10
7690,10
7691,10
7692,10
7693,10
7694,10
7695,10
7696,10
7697,10
7698,10
7699,10
7700,10
7701,10
7702,10
7703,10
7704,10
7705,10
7706,10
7707,10
7708,10
7709,10
7710,10
7711,10
7712,10
7713,10
7714,10
7715,10
7716,10
7717,10
7718,10
7719,10
7720,10
7721,10
7722,10
7723,10
7724,10
7725,10
7726,10
7727,10
7728,10
7729,10
7730,10
7731,10
7732,10
7733,10
7734,10
7735,10
7736,10
7737,10
7738,10
7739,10
7740,10
7741,10
7742,10
7743,10
7744,10
7745,10
7746,10
7747,10
7748,10
7749,10
7750,10
7751,10
7752,10
7753,10
7754,10
7755,10
7756,10
7757,10
7758,10
7759,10
7760,10
7761,10
7762,10
7763,10
7764,10
7765,10
7766,10
7767,10
7768,10
7769,10
7770,10
7771,10
7772,10
7773,10
7774,10
7775,10
7776,10
7777,10
7778,10
7779,10
7780,10
7781,10
7782,10
7783,10
7784,10
7785,10
7786,10
7787,10
7788,10
7789,10
7790,10
7791,10
7792,10
7793,10
7794,10
7795,10
7796,10
7797,10
7798,10
7799,10
7800,10
7801,10
7802,10
7803,10
7804,10
7805,10
7806,10
7807,10
7808,10
7809,10
7810,10
7811,10
7812,10
7813,10
7814,10
7815,10
7816,10
7817,10
7818,10
7819,10
7820,10
7821,10
7822,10
7823,10
7824,10
7825,10
7826,10
7827,10
7828,10
7829,10
7830,10
7831,10
7832,10
7833,10
7834,10
7835,10
7836,10
7837,10
7838,10
7839,10
7840,10
7841,10
7842,10
7843,10
7844,10
7845,10
7846,10
7847,10
7848,10
7849,10
7850,10
7851,10
7852,10
7853,10
7854,10
7855,10
7856,10
7857,10
7858,10
7859,10
7860,10
7861,10
7862,10
7863,10
7864,10
7865,10
7866,10
7867,10
7868,10
7869,10
7870,10
7871,10
7872,10
7873,10
7874,10
7875,10
7876,10
7877,10
7878,10
7879,10
7880,10
7881,10
7882,10
7883,10
7884,10
7885,10
7886,10
7887,10
7888,10
7889,10
7890,10
7891,10
7892,10
7893,10
7894,10
7895,10
7896,10
7897,10
7898,10
7899,10
7900,10
7901,10
7902,10
7903,10
7904,10
7905,10
7906,10
7907,10
7908,10
7909,10
7910,10
7911,10
7912,10
7913,10
7914,10
7915,10
7916,10
7917,10
7918,10
7919,10
7920,10
7921,10
7922,10
7923,10
7924,10
7925,10
7926,10
7927,10
7928,10
7929,10
7930,10
7931,10
7932,10
7933,10
7934,10
7935,10
7936,10
7937,10
7938,10
7939,10
7940,10
7941,10
7942,10
7943,10
7944,10
7945,10
7946,10
7947,10
7948,10
7949,10
7950,10
7951,10
7952,10
7953,10
7954,10
7955,10
7956,10
7957,10
7958,10
7959,10
7960,10
7961,10
7962,10
7963,10
7964,10
7965,10
7966,10
7967,10
7968,10
7969,10
7970,10
7971,10
7972,10
7973,10
7974,10
7975,10
7976,10
7977,10
7978,10
7979,10
7980,10
7981,10
7982,10
7983,10
7984,10
7985,10
7986,10
7987,10
7988,10
7989,10
7990,10
7991,10
7992,10
7993,10
7994,10
7995,10
7996,10
7997,10
7998,10
7999,10
8000,10
8001,10
8002,10
8003,10
8004,10
8005,10
8006,10
8007,10
8008,10
8009,10
8010,10
8011,10
8012,10
8013,10
8014,10
8015,10
8016,10
8017,10
8018,10
8019,10
8020,10
8021,10
8022,10
8023,10
8024,10
8025,10
8026,10
8027,10
8028,10
8029,10
8030,10
8031,10
8032,10
8033,10
8034,10
8035,10
8036,10
8037,10
8038,10
8039,10
8040,10
8041,10
8042,10
8043,10
8044,10
8045,10
8046,10
8047,10
8048,10
8049,10
8050,10
8051,10
8052,10
8053,10
8054,10
8055,10
8056,10
8057,10
8058,10
8059,10
8060,10
8061,10
8062,10
8063,10
8064,10
8065,10
8066,10
8067,10
8068,10
8069,10
8070,10
8071,10
8072,10
8073,10
8074,10
8075,10
8076,10
8077,10
8078,10
8079,10
8080,10
8081,10
8082,10
8083,10
8084,10
8085,10
8086,10
8087,10
8088,10
8089,10
8090,10
8091,10
8092,10
8093,10
8094,10
8095,10
8096,10
8097,10
8098,10
8099,10
8100,10
8101,10
8102,10
8103,10
8104,10
8105,10
8106,10
8107,10
8108,10
8109,10
8110,10
8111,10
8112,10
8113,10
8114,10
8115,10
8116,10
8117,10
8118,10
8119,10
8120,10
8121,10
8122,10
8123,10
8124,10
8125,10
8126,10
8127,10
8128,10
8129,10
8130,10
8131,10
8132,10
8133,10
8134,10
8135,10
8136,10
8137,10
8138,10
8139,10
8140,10
8141,10
8142,10
8143,10
8144,10
8145,10
8146,10
8147,10
8148,10
8149,10
8150,10
8151,10
8152,10
8153,10
8154,10
8155,10
8156,10
8157,10
8158,10
8159,10
8160,10
8161,10
8162,10
8163,10
8164,10
8165,10
8166,10
8167,10
8168,10
8169,10
8170,10
8171,10
8172,10
8173,10
8174,10
8175,10
8176,10
8177,10
8178,10
8179,10
8180,10
8181,10
8182,10
8183,10
8184,10
8185,10
8186,10
8187,10
8188,10
8189,10
8190,10
8191,10
8192,10
8193,10
8194,10
8195,10
8196,10
8197,10
8198,10
8199,10
8200,10
8201,10
8202,10
8203,10
8204,10
8205,10
8206,10
8207,10
8208,10
8209,10
8210,10
8211,10
8212,10
8213,10
8214,10
8215,10
8216,10
8217,10
8218,10
8219,10
8220,10
8221,10
8222,10
8223,10
8224,10
8225,10
8226,10
8227,10
8228,10
8229,10
8230,10
8231,10
8232,10
8233,10
8234,10
8235,10
8236,10
8237,10
8238,10
8239,10
8240,10
8241,10
8242,10
8243,10
8244,10
8245,10
8246,10
8247,10
8248,10
8249,10
8250,10
8251,10
8252,10
8253,10
8254,10
8255,10
8256,10
8257,10
8258,10
8259,10
8260,10
8261,10
8262,10
8263,10
8264,10
8265,10
8266,10
8267,10
8268,10
8269,10
8270,10
8271,10
8272,10
8273,10
8274,10
8275,10
8276,10
8277,10
8278,10
8279,10
8280,10
8281,10
8282,10
8283,10
8284,10
8285,10
8286,10
8287,10
8288,10
8289,10
8290,10
8291,10
8292,10
8293,10
8294,10
8295,10
8296,10
8297,10
8298,10
8299,10
8300,10
8301,10
8302,10
8303,10
8304,10
8305,10
8306,10
8307,10
8308,10
8309,10
8310,10
8311,10
8312,10
8313,10
8314,10
8315,10
8316,10
8317,10
8318,10
8319,10
8320,10
8321,10
8322,10
8323,10
8324,10
8325,10
8326,10
8327,10
8328,10
8329,10
8330,10
8331,10
8332,10
8333,10
8334,10
8335,10
8336,10
8337,10
8338,10
8339,10
8340,10
8341,10
8342,10
8343,10
8344,10
8345,10
8346,10
8347,10
8348,10
8349,10
8350,10
8351,10
8352,10
8353,10
8354,10
8355,10
8356,10
8357,10
8358,10
8359,10
8360,10
8361,10
8362,10
8363,10
8364,10
8365,10
8366,10
8367,10
8368,10
8369,10
8370,10
8371,10
8372,10
8373,10
8374,10
8375,10
8376,10
8377,10
8378,10
8379,10
8380,10
8381,10
8382,10
8383,10
8384,10
8385,10
8386,10
8387,10
8388,10
8389,10
8390,10
8391,10
8392,10
8393,10
8394,10
8395,10
8396,10
8397,10
8398,10
8399,10
8400,10
8401,10
8402,10
8403,10
8404,10
8405,10
8406,10
8407,10
8408,10
8409,10
8410,10
8411,10
8412,10
8413,10
8414,10
8415,10
8416,10
8417,10
8418,10
8419,10
8420,10
8421,10
8422,10
8423,10
8424,10
8425,10
8426,10
8427,10
8428,10
8429,10
8430,10
8431,10
8432,10
8433,10
8434,10
8435,10
8436,10
8437,10
8438,10
8439,10
8440,10
8441,10
8442,10
8443,10
8444,10
8445,10
8446,10
8447,10
8448,10
8449,10
8450,10
8451,10
8452,10
8453,10
8454,10
8455,10
8456,10
8457,10
8458,10
8459,10
8460,10
8461,10
8462,10
8463,10
8464,10
8465,10
8466,10
8467,10
8468,10
8469,10
8470,10
8471,10
8472,10
8473,10
8474,10
8475,10
8476,10
8477,10
8478,10
8479,10
8480,10
8481,10
8482,10
8483,10
8484,10
8485,10
8486,10
8487,10
8488,10
8489,10
8490,10
8491,10
8492,10
8493,10
8494,10
8495,10
8496,10
8497,10
8498,10
8499,10
8500,10
8501,10
8502,10
8503,10
8504,10
8505,10
8506,10
8507,10
8508,10
8509,10
8510,10
8511,10
8512,10
8513,10
8514,10
8515,10
8516,10
8517,10
8518,10
8519,10
8520,10
8521,10
8522,10
8523,10
8524,10
8525,10
8526,10
8527,10
8528,10
8529,10
8530,10
8531,10
8532,10
8533,10
8534,10
8535,10
8536,10
8537,10
8538,10
8539,10
8540,10
8541,10
8542,10
8543,10
8544,10
8545,10
8546,10
8547,10
8548,10
8549,10
8550,10
8551,10
8552,10
8553,10
8554,10
8555,10
8556,10
8557,10
8558,10
8559,10
8560,10
8561,10
8562,10
8563,10
8564,10
8565,10
8566,10
8567,10
8568,10
8569,10
8570,10
8571,10
8572,10
8573,10
8574,10
8575,10
8576,10
8577,10
8578,10
8579,10
8580,10
8581,10
8582,10
8583,10
8584,10
8585,10
8586,10
8587,10
8588,10
8589,10
8590,10
8591,10
8592,10
8593,10
8594,10
8595,10
8596,10
8597,10
8598,10
8599,10
8600,10
8601,10
8602,10
8603,10
8604,10
8605,10
8606,10
8607,10
8608,10
8609,10
8610,10
8611,10
8612,10
8613,10
8614,10
8615,10
8616,10
8617,10
8618,10
8619,10
8620,10
8621,10
8622,10
8623,10
8624,10
8625,10
8626,10
8627,10
8628,10
8629,10
8630,10
8631,10
8632,10
8633,10
8634,10
8635,10
8636,10
8637,10
8638,10
8639,10
8640,10
8641,10
8642,10
8643,10
8644,10
8645,10
8646,10
8647,10
8648,10
8649,10
8650,10
8651,10
8652,10
8653,10
8654,10
8655,10
8656,10
8657,10
8658,10
8659,10
8660,10
8661,10
8662,10
8663,10
8664,10
8665,10
8666,10
8667,10
8668,10
8669,10
8670,10
8671,10
8672,10
8673,10
8674,10
8675,10
8676,10
8677,10
8678,10
8679,10
8680,10
8681,10
8682,10
8683,10
8684,10
8685,10
8686,10
8687,10
8688,10
8689,10
8690,10
8691,10
8692,10
8693,10
8694,10
8695,10
8696,10
8697,10
8698,10
8699,10
8700,10
8701,10
8702,10
8703,10
8704,10
8705,10
8706,10
8707,10
8708,10
8709,10
8710,10
8711,10
8712,10
8713,10
8714,10
8715,10
8716,10
8717,10
8718,10
8719,10
8720,10
8721,10
8722,10
8723,10
8724,10
8725,10
8726,10
8727,10
8728,10
8729,10
8730,10
8731,10
8732,10
8733,10
8734,10
8735,10
8736,10
8737,10
8738,10
8739,10
8740,10
8741,10
8742,10
8743,10
8744,10
8745,10
8746,10
8747,10
8748,10
8749,10
8750,10
8751,10
8752,10
8753,10
8754,10
8755,10
8756,10
8757,10
8758,10
8759,10
8760,10
8761,10
8762,10
8763,10
8764,10
8765,10
8766,10
8767,10
8768,10
8769,10
8770,10
8771,10
8772,10
8773,10
8774,10
8775,10
8776,10
8777,10
8778,10
8779,10
8780,10
8781,10
8782,10
8783,10
8784,10
8785,10
8786,10
8787,10
8788,10
8789,10
8790,10
8791,10
8792,10
8793,10
8794,10
8795,10
8796,10
8797,10
8798,10
8799,10
8800,10
8801,10
8802,10
8803,10
8804,10
8805,10
8806,10
8807,10
8808,10
8809,10
8810,10
8811,10
8812,10
8813,10
8814,10
8815,10
8816,10
8817,10
8818,10
8819,10
8820,10
8821,10
8822,10
8823,10
8824,10
8825,10
8826,10
8827,10
8828,10
8829,10
8830,10
8831,10
8832,10
8833,10
8834,10
8835,10
8836,10
8837,10
8838,10
8839,10
8840,10
8841,10
8842,10
8843,10
8844,10
8845,10
8846,10
8847,10
8848,10
8849,10
8850,10
8851,10
8852,10
8853,10
8854,10
8855,10
8856,10
8857,10
8858,10
8859,10
8860,10
8861,10
8862,10
8863,10
8864,10
8865,10
8866,10
8867,10
8868,10
8869,10
8870,10
8871,10
8872,10
8873,10
8874,10
8875,10
8876,10
8877,10
8878,10
8879,10
8880,10
8881,10
8882,10
8883,10
8884,10
8885,10
8886,10
8887,10
8888,10
8889,10
8890,10
8891,10
8892,10
8893,10
8894,10
8895,10
8896,10
8897,10
8898,10
8899,10
8900,10
8901,10
8902,10
8903,10
8904,10
8905,10
8906,10
8907,10
8908,10
8909,10
8910,10
8911,10
8912,10
8913,10
8914,10
8915,10
8916,10
8917,10
8918,10
8919,10
8920,10
8921,10
8922,10
8923,10
8924,10
8925,10
8926,10
8927,10
8928,10
8929,10
8930,10
8931,10
8932,10
8933,10
8934,10
8935,10
8936,10
8937,10
8938,10
8939,10
8940,10
8941,10
8942,10
8943,10
8944,10
8945,10
8946,10
8947,10
8948,10
8949,10
8950,10
8951,10
8952,10
8953,10
8954,10
8955,10
8956,10
8957,10
8958,10
8959,10
8960,10
8961,10
8962,10
8963,10
8964,10
8965,10
8966,10
8967,10
8968,10
8969,10
8970,10
8971,10
8972,10
8973,10
8974,10
8975,10
8976,10
8977,10
8978,10
8979,10
8980,10
8981,10
8982,10
8983,10
8984,10
8985,10
8986,10
8987,10
8988,10
8989,10
8990,10
8991,10
8992,10
8993,10
8994,10
8995,10
8996,10
8997,10
8998,10
8999,10
9000,10
9001,10
9002,10
9003,10
9004,10
9005,10
9006,10
9007,10
9008,10
9009,10
9010,10
9011,10
9012,10
9013,10
9014,10
9015,10
9016,10
9017,10
9018,10
9019,10
9020,10
9021,10
9022,10
9023,10
9024,10
9025,10
9026,10
9027,10
9028,10
9029,10
9030,10
9031,10
9032,10
9033,10
9034,10
9035,10
9036,10
9037,10
9038,10
9039,10
9040,10
9041,10
9042,10
9043,10
9044,10
9045,10
9046,10
9047,10
9048,10
9049,10
9050,10
9051,10
9052,10
9053,10
9054,10
9055,10
9056,10
9057,10
9058,10
9059,10
9060,10
9061,10
9062,10
9063,10
9064,10
9065,10
9066,10
9067,10
9068,10
9069,10
9070,10
9071,10
9072,10
9073,10
9074,10
9075,10
9076,10
9077,10
9078,10
9079,10
9080,10
9081,10
9082,10
9083,10
9084,10
9085,10
9086,10
9087,10
9088,10
9089,10
9090,10
9091,10
9092,10
9093,10
9094,10
9095,10
9096,10
9097,10
9098,10
9099,10
9100,10
9101,10
9102,10
9103,10
9104,10
9105,10
9106,10
9107,10
9108,10
9109,10
9110,10
9111,10
9112,10
9113,10
9114,10
9115,10
9116,10
9117,10
9118,10
9119,10
9120,10
9121,10
9122,10
9123,10
9124,10
9125,10
9126,10
9127,10
9128,10
9129,10
9130,10
9131,10
9132,10
9133,10
9134,10
9135,10
9136,10
9137,10
9138,10
9139,10
9140,10
9141,10
9142,10
9143,10
9144,10
9145,10
9146,10
9147,10
9148,10
9149,10
9150,10
9151,10
9152,10
9153,10
9154,10
9155,10
9156,10
9157,10
9158,10
9159,10
9160,10
9161,10
9162,10
9163,10
9164,10
9165,10
9166,10
9167,10
9168,10
9169,10
9170,10
9171,10
9172,10
9173,10
9174,10
9175,10
9176,10
9177,10
9178,10
9179,10
9180,10
9181,10
9182,10
9183,10
9184,10
9185,10
9186,10
9187,10
9188,10
9189,10
9190,10
9191,10
9192,10
9193,10
9194,10
9195,10
9196,10
9197,10
9198,10
9199,10
9200,10
9201,10
9202,10
9203,10
9204,10
9205,10
9206,10
9207,10
9208,10
9209,10
9210,10
9211,10
9212,10
9213,10
9214,10
9215,10
9216,10
9217,10
9218,10
9219,10
9220,10
9221,10
9222,10
9223,10
9224,10
9225,10
9226,10
9227,10
9228,10
9229,10
9230,10
9231,10
9232,10
9233,10
9234,10
9235,10
9236,10
9237,10
9238,10
9239,10
9240,10
9241,10
9242,10
9243,10
9244,10
9245,10
9246,10
9247,10
9248,10
9249,10
9250,10
9251,10
9252,10
9253,10
9254,10
9255,10
9256,10
9257,10
9258,10
9259,10
9260,10
9261,10
9262,10
9263,10
9264,10
9265,10
9266,10
9267,10
9268,10
9269,10
9270,10
9271,10
9272,10
9273,10
9274,10
9275,10
9276,10
9277,10
9278,10
9279,10
9280,10
9281,10
9282,10
9283,10
9284,10
9285,10
9286,10
9287,10
9288,10
9289,10
9290,10
9291,10
9292,10
9293,10
9294,10
9295,10
9296,10
9297,10
9298,10
9299,10
9300,10
9301,10
9302,10
9303,10
9304,10
9305,10
9306,10
9307,10
9308,10
9309,10
9310,10
9311,10
9312,10
9313,10
9314,10
9315,10
9316,10
9317,10
9318,10
9319,10
9320,10
9321,10
9322,10
9323,10
9324,10
9325,10
9326,10
9327,10
9328,10
9329,10
9330,10
9331,10
9332,10
9333,10
9334,10
9335,10
9336,10
9337,10
9338,10
9339,10
9340,10
9341,10
9342,10
9343,10
9344,10
9345,10
9346,10
9347,10
9348,10
9349,10
9350,10
9351,10
9352,10
9353,10
9354,10
9355,10
9356,10
9357,10
9358,10
9359,10
9360,10
9361,10
9362,10
9363,10
9364,10
9365,10
9366,10
9367,10
9368,10
9369,10
9370,10
9371,10
9372,10
9373,10
9374,10
9375,10
9376,10
9377,10
9378,10
9379,10
9380,10
9381,10
9382,10
9383,10
9384,10
9385,10
9386,10
9387,10
9388,10
9389,10
9390,10
9391,10
9392,10
9393,10
9394,10
9395,10
9396,10
9397,10
9398,10
9399,10
9400,10
9401,10
9402,10
9403,10
9404,10
9405,10
9406,10
9407,10
9408,10
9409,10
9410,10
9411,10
9412,10
9413,10
9414,10
9415,10
9416,10
9417,10
9418,10
9419,10
9420,10
9421,10
9422,10
9423,10
9424,10
9425,10
9426,10
9427,10
9428,10
9429,10
9430,10
9431,10
9432,10
9433,10
9434,10
9435,10
9436,10
9437,10
9438,10
9439,10
9440,10
9441,10
9442,10
9443,10
9444,10
9445,10
9446,10
9447,10
9448,10
9449,10
9450,10
9451,10
9452,10
9453,10
9454,10
9455,10
9456,10
9457,10
9458,10
9459,10
9460,10
9461,10
9462,10
9463,10
9464,10
9465,10
9466,10
9467,10
9468,10
9469,10
9470,10
9471,10
9472,10
9473,10
9474,10
9475,10
9476,10
9477,10
9478,10
9479,10
9480,10
9481,10
9482,10
9483,10
9484,10
9485,10
9486,10
9487,10
9488,10
9489,10
9490,10
9491,10
9492,10
9493,10
9494,10
9495,10
9496,10
9497,10
9498,10
9499,10
9500,10
9501,10
9502,10
9503,10
9504,10
9505,10
9506,10
9507,10
9508,10
9509,10
9510,10
9511,10
9512,10
9513,10
9514,10
9515,10
9516,10
9517,10
9518,10
9519,10
9520,10
9521,10
9522,10
9523,10
9524,10
9525,10
9526,10
9527,10
9528,10
9529,10
9530,10
9531,10
9532,10
9533,10
9534,10
9535,10
9536,10
9537,10
9538,10
9539,10
9540,10
9541,10
9542,10
9543,10
9544,10
9545,10
9546,10
9547,10
9548,10
9549,10
9550,10
9551,10
9552,10
9553,10
9554,10
9555,10
9556,10
9557,10
9558,10
9559,10
9560,10
9561,10
9562,10
9563,10
9564,10
9565,10
9566,10
9567,10
9568,10
9569,10
9570,10
9571,10
9572,10
9573,10
9574,10
9575,10
9576,10
9577,10
9578,10
9579,10
9580,10
9581,10
9582,10
9583,10
9584,10
9585,10
9586,10
9587,10
9588,10
9589,10
9590,10
9591,10
9592,10
9593,10
9594,10
9595,10
9596,10
9597,10
9598,10
9599,10
9600,10
9601,10
9602,10
9603,10
9604,10
9605,10
9606,10
9607,10
9608,10
9609,10
9610,10
9611,10
9612,10
9613,10
9614,10
9615,10
9616,10
9617,10
9618,10
9619,10
9620,10
9621,10
9622,10
9623,10
9624,10
9625,10
9626,10
9627,10
9628,10
9629,10
9630,10
9631,10
9632,10
9633,10
9634,10
9635,10
9636,10
9637,10
9638,10
9639,10
9640,10
9641,10
9642,10
9643,10
9644,10
9645,10
9646,10
9647,10
9648,10
9649,10
9650,10
9651,10
9652,10
9653,10
9654,10
9655,10
9656,10
9657,10
9658,10
9659,10
9660,10
9661,10
9662,10
9663,10
9664,10
9665,10
9666,10
9667,10
9668,10
9669,10
9670,10
9671,10
9672,10
9673,10
9674,10
9675,10
9676,10
9677,10
9678,10
9679,10
9680,10
9681,10
9682,10
9683,10
9684,10
9685,10
9686,10
9687,10
9688,10
9689,10
9690,10
9691,10
9692,10
9693,10
9694,10
9695,10
9696,10
9697,10
9698,10
9699,10
9700,10
9701,10
9702,10
9703,10
9704,10
9705,10
9706,10
9707,10
9708,10
9709,10
9710,10
9711,10
9712,10
9713,10
9714,10
9715,10
9716,10
9717,10
9718,10
9719,10
9720,10
9721,10
9722,10
9723,10
9724,10
9725,10
9726,10
9727,10
9728,10
9729,10
9730,10
9731,10
9732,10
9733,10
9734,10
9735,10
9736,10
9737,10
9738,10
9739,10
9740,10
9741,10
9742,10
9743,10
9744,10
9745,10
9746,10
9747,10
9748,10
9749,10
9750,10
9751,10
9752,10
9753,10
9754,10
9755,10
9756,10
9757,10
9758,10
9759,10
9760,10
9761,10
9762,10
9763,10
9764,10
9765,10
9766,10
9767,10
9768,10
9769,10
9770,10
9771,10
9772,10
9773,10
9774,10
9775,10
9776,10
9777,10
9778,10
9779,10
9780,10
9781,10
9782,10
9783,10
9784,10
9785,10
9786,10
9787,10
9788,10
9789,10
9790,10
9791,10
9792,10
9793,10
9794,10
9795,10
9796,10
9797,10
9798,10
9799,10
9800,10
9801,10
9802,10
9803,10
9804,10
9805,10
9806,10
9807,10
9808,10
9809,10
9810,10
9811,10
9812,10
9813,10
9814,10
9815,10
9816,10
9817,10
9818,10
9819,10
9820,10
9821,10
9822,10
9823,10
9824,10
9825,10
9826,10
9827,10
9828,10
9829,10
9830,10
9831,10
9832,10
9833,10
9834,10
9835,10
9836,10
9837,10
9838,10
9839,10
9840,10
9841,10
9842,10
9843,10
9844,10
9845,10
9846,10
9847,10
9848,10
9849,10
9850,10
9851,10
9852,10
9853,10
9854,10
9855,10
9856,10
9857,10
9858,10
9859,10
9860,10
9861,10
9862,10
9863,10
9864,10
9865,10
9866,10
9867,10
9868,10
9869,10
9870,10
9871,10
9872,10
9873,10
9874,10
9875,10
9876,10
9877,10
9878,10
9879,10
9880,10
9881,10
9882,10
9883,10
9884,10
9885,10
9886,10
9887,10
9888,10
9889,10
9890,10
9891,10
9892,10
9893,10
9894,10
9895,10
9896,10
9897,10
9898,10
9899,10
9900,10
9901,10
9902,10
9903,10
9904,10
9905,10
9906,10
9907,10
9908,10
9909,10
9910,10
9911,10
9912,10
9913,10
9914,10
9915,10
9916,10
9917,10
9918,10
9919,10
9920,10
9921,10
9922,10
9923,10
9924,10
9925,10
9926,10
9927,10
9928,10
9929,10
9930,10
9931,10
9932,10
9933,10
9934,10
9935,10
9936,10
9937,10
9938,10
9939,10
9940,10
9941,10
9942,10
9943,10
9944,10
9945,10
9946,10
9947,10
9948,10
9949,10
9950,10
9951,10
9952,10
9953,10
9954,10
9955,10
9956,10
9957,10
9958,10
9959,10
9960,10
9961,10
9962,10
9963,10
9964,10
9965,10
9966,10
9967,10
9968,10
9969,10
9970,10
9971,10
9972,10
9973,10
9974,10
9975,10
9976,10
9977,10
9978,10
9979,10
9980,10
9981,10
9982,10
9983,10
9984,10
9985,10
9986,10
9987,10
9988,10
9989,10
9990,10
9991,10
9992,10
9993,10
9994,10
9995,10
9996,10
9997,10
9998,10
9999,10
10000,10
